temperature,wind,precipitation,user_counts
10.4,4.6,0.8449438202247181,6368
5.666666666666667,4.625,0.0408602150537634,5902
4.933333333333334,4.725,0.008695652173913,6226
3.4,2.6750000000000003,0.1569892473118279,5829
8.9,3.95,7.988461538461535,7589
9.066666666666666,3.45,0.0408602150537634,9271
10.9,4.875,0.0,9762
18.3,3.2750000000000004,0.0031578947368421,8466
22.666666666666668,3.5250000000000004,0.0,9750
24.566666666666663,3.775,0.0,9553
23.566666666666663,3.45,0.0,9091
15.433333333333332,3.85,7.365217391304346,5997
13.766666666666666,2.675,12.396774193548383,11267
13.633333333333333,2.85,0.0188235294117647,9604
14.8,3.275,0.4627659574468085,6908
16.533333333333335,3.825,0.0968421052631579,8247
19.366666666666667,2.575,0.5309278350515463,8477
18.4,4.2,0.9681818181818176,7686
20.3,5.125,4.832258064516132,6118
12.633333333333333,5.4,23.91844660194176,8793
9.0,3.275,0.0177777777777777,7330
8.4,4.3,0.0,6737
10.7,2.6,0.0031914893617021,7434
14.266666666666666,4.65,0.0086021505376344,8460
14.5,4.025,0.2950000000000001,8262
13.166666666666666,2.1,0.0033333333333333,8996
14.033333333333331,1.975,0.0,10820
14.066666666666668,3.225,0.0373493975903614,7851
13.933333333333332,3.575,4.063917525773199,4289
13.833333333333334,3.45,6.785106382978723,5359
14.9,3.7,1.8562500000000004,8607
13.4,2.35,0.0094736842105263,8490
13.866666666666664,3.975,0.0032258064516129,8655
13.166666666666666,3.875,0.0032258064516129,9472
12.0,3.75,0.0,7986
12.633333333333333,4.55,0.3273684210526316,6505
15.6,5.300000000000001,4.166666666666669,4419
16.266666666666666,1.825,21.90754716981132,6586
16.2,1.7999999999999998,4.450961538461541,7793
20.1,2.5,2.234653465346536,8870
20.166666666666668,2.55,13.331481481481482,6455
16.666666666666668,5.175,9.898039215686277,8010
11.366666666666664,4.050000000000001,0.0170212765957446,7381
10.433333333333332,2.5,0.0031914893617021,8061
17.866666666666667,3.475,0.0397959183673469,8756
24.133333333333336,3.625,0.1,8895
22.7,2.575,0.0159090909090909,10047
18.5,3.25,0.141860465116279,6333
17.733333333333334,2.125,1.7436170212765958,6674
21.566666666666663,2.4,0.4417582417582418,8383
23.1,2.825,0.1159090909090909,9042
24.899999999999995,3.4,0.3712643678160919,8895
23.33333333333333,3.775,4.456862745098042,8051
16.2,6.275,17.09215686274508,6627
12.4,6.200000000000001,0.5130434782608695,7944
15.633333333333333,3.95,0.00375,9888
16.400000000000002,1.35,0.0,8966
19.3,2.15,2.2378947368421067,7551
24.066666666666663,3.275,6.402020202020205,9275
26.366666666666664,2.625,0.0532467532467532,8740
26.03333333333333,3.5,0.1623376623376623,9102
26.83333333333333,3.75,0.0,9457
26.33333333333333,4.075,1.7325581395348837,7664
22.83333333333333,2.8666666666666667,21.51826923076924,7393
20.6,2.7750000000000004,6.929126213592234,9926
19.9,2.35,0.0052083333333333,9986
20.4,3.6,1.5627659574468085,6854
20.3,3.475,35.91826923076924,2477
21.7,2.25,23.979999999999983,9758
22.866666666666664,2.1,0.3387755102040818,9220
23.2,3.225,22.91495327102804,4368
23.46666666666667,3.95,29.717592592592588,9193
25.666666666666668,2.475,0.128,9180
25.166666666666668,4.45,2.593203883495146,7259
21.2,4.925,10.344036697247695,9783
22.8,2.575,0.2373626373626374,10446
23.23333333333333,2.2750000000000004,0.0191011235955056,8710
25.666666666666668,2.3000000000000003,0.5270833333333331,8613
23.2,1.775,2.3760869565217395,7140
21.03333333333333,2.45,12.71698113207547,10039
21.5,2.9000000000000004,0.0255555555555555,10147
22.0,1.85,0.0,10319
23.6,2.95,0.0,10799
24.3,1.725,0.7590909090909087,7175
26.33333333333333,2.075,6.939175257731955,8042
26.633333333333336,2.575,2.027659574468085,8970
26.366666666666664,2.3,2.751546391752578,8392
23.866666666666664,3.05,4.214141414141418,8619
24.933333333333334,2.7,5.722916666666669,6247
24.666666666666668,2.45,19.548453608247417,10503
25.76666666666667,2.7,1.588888888888889,7087
25.133333333333336,3.5249999999999995,7.860999999999995,7842
25.3,4.125,4.046938775510205,7821
24.933333333333334,3.1,7.017021276595745,7725
26.633333333333336,3.825,10.05494505494505,10742
27.46666666666667,3.725,0.0162790697674418,10557
28.5,3.325,0.0,8902
27.899999999999995,3.2,0.5710843373493976,6871
24.933333333333334,2.4,3.8960396039604,8070
25.933333333333334,1.9,0.729787234042553,8765
27.100000000000005,3.2250000000000005,0.7387096774193546,8113
25.633333333333336,2.625,5.162745098039216,8870
22.36666666666667,3.725,31.1,5725
24.100000000000005,1.9,7.363917525773196,9278
26.566666666666663,2.5,3.2139784946236576,8390
28.3,1.875,0.012087912087912,8033
30.23333333333333,2.45,0.0032608695652173,8402
29.73333333333333,1.65,0.0,8633
29.9,2.0,0.3133333333333333,7825
30.33333333333333,2.825,0.7532608695652173,7978
28.73333333333333,3.375,2.1310344827586216,8623
27.766666666666666,1.85,3.036363636363637,8464
26.53333333333333,2.4,3.059574468085107,8678
26.7,2.9000000000000004,7.60408163265306,9234
25.9,3.6,0.0244680851063829,9760
22.433333333333334,3.825,0.0,10105
23.1,2.2,0.0,10262
23.666666666666668,2.975,1.0927710843373493,8383
24.3,2.55,9.343956043956045,8138
23.433333333333334,2.95,2.409782608695653,9243
23.03333333333333,1.65,0.0036585365853658,9878
23.066666666666663,2.15,0.1354430379746835,8702
23.166666666666668,2.325,9.17788461538461,7755
24.766666666666666,2.4000000000000004,4.537894736842105,9814
23.166666666666668,1.725,0.5162790697674419,8450
22.7,3.825,2.322471910112361,10397
21.5,2.2,0.0036144578313253,10053
21.4,2.6,1.604444444444444,8382
23.46666666666667,3.6,1.8703296703296712,9719
25.8,3.5,3.0000000000000013,8868
27.600000000000005,3.625,2.907526881720432,9461
26.6,1.9,5.098850574712644,10047
24.9,2.025,0.2420454545454545,9485
26.23333333333333,1.525,0.0188235294117647,9481
26.166666666666668,2.8999999999999995,2.788421052631579,8303
21.46666666666667,5.0,8.61111111111111,10391
19.966666666666665,2.1750000000000003,0.3361702127659575,10629
20.13333333333333,1.2,0.0,10763
20.6,2.925,0.0,11042
21.366666666666664,2.225,2.495833333333334,5753
20.366666666666664,1.9,1.5237113402061848,8968
23.83333333333333,1.525,0.0308510638297872,9579
25.6,2.575,0.0968085106382978,9140
26.100000000000005,2.575,2.2375,9543
23.766666666666666,2.325,0.476595744680851,7625
21.5,2.8,2.424489795918368,10844
21.9,2.075,0.0056179775280898,9481
23.2,2.85,0.0033333333333333,9269
26.899999999999995,2.725,0.0561224489795918,9506
25.433333333333334,1.8,0.5804123711340204,7636
25.03333333333333,3.3,4.450476190476194,9343
25.166666666666668,3.2,0.0419354838709677,9661
26.23333333333333,3.35,0.0034883720930232,9403
26.633333333333336,2.275,0.1637362637362637,9216
27.0,2.075,3.933980582524275,8025
26.53333333333333,4.075,0.1872340425531915,8810
22.53333333333333,2.425,0.0,9734
23.03333333333333,3.375,0.0,9918
20.466666666666665,2.65,0.0,10141
19.83333333333333,2.15,0.0,10118
24.3,2.975,0.0955555555555555,9400
22.2,3.0,0.0,9056
25.96666666666667,3.1500000000000004,0.0,9430
28.46666666666667,2.7250000000000005,0.0,9175
26.4,2.75,1.913684210526316,6981
22.5,4.275,14.288990825688067,9931
17.166666666666668,3.325,0.0474226804123711,11131
16.53333333333333,2.225,0.0,9748
19.36666666666667,3.0500000000000003,0.1521739130434782,8268
16.2,3.425,0.8565656565656559,9836
14.5,1.475,0.011578947368421,9952
17.333333333333332,1.875,0.0,10360
19.466666666666665,2.625,0.3021276595744681,10545
20.1,3.625,2.2483870967741937,6840
18.7,3.4250000000000003,21.35714285714285,9339
15.666666666666666,3.0500000000000003,0.1765306122448979,8981
14.766666666666666,1.9,0.0030927835051546,9489
16.03333333333333,1.2,0.0082474226804123,9524
17.533333333333335,1.65,0.0185567010309278,9788
17.26666666666667,1.4500000000000002,0.0154639175257731,9858
17.400000000000002,1.85,0.0,10057
16.433333333333334,1.525,0.0,9251
16.9,1.2000000000000002,0.0032967032967032,9032
19.766666666666666,1.6,0.01,10255
21.96666666666667,2.2,0.0,10249
21.9,1.225,0.003030303030303,10059
23.2,0.9666666666666668,0.0404255319148936,10158
24.366666666666664,1.3333333333333333,0.125,10456
24.5,3.3000000000000003,0.0,9650
21.33333333333333,4.033333333333334,3.106185567010309,5797
14.866666666666667,2.733333333333333,24.536283185840706,9829
14.5,4.733333333333333,0.3989361702127659,6360
13.266666666666666,5.1000000000000005,20.696296296296307,2491
15.3,4.433333333333333,43.435238095238105,1775
17.466666666666665,4.166666666666667,54.25794392523364,5191
16.46666666666667,4.266666666666667,8.227358490566036,5938
16.233333333333334,2.033333333333333,0.8838383838383831,8818
15.633333333333333,1.2666666666666666,0.02,9272
17.8,1.8666666666666665,0.1385416666666667,9629
19.03333333333333,2.766666666666667,0.2393617021276596,9468
16.400000000000002,2.766666666666667,1.2882352941176465,10256
12.833333333333334,2.5,0.0824175824175824,9309
13.366666666666667,3.4,0.3316326530612246,8493
11.466666666666669,2.625,0.0031578947368421,8956
13.366666666666667,2.375,0.0097826086956521,8990
11.033333333333331,3.0,1.6287037037037042,7884
7.966666666666668,4.2,0.29375,7823
6.9,3.7,0.0031249999999999,7866
6.533333333333334,3.45,0.0,7906
10.566666666666666,2.125,0.0032608695652173,7917
9.166666666666666,1.05,0.0,8515
10.233333333333333,1.2,0.0057471264367816,8949
12.5,1.425,0.89313725490196,8055
15.5,3.15,0.6868131868131866,8335
19.866666666666664,3.825,1.3394230769230768,8046
15.366666666666667,2.7,2.938461538461542,9373
10.933333333333332,4.375,0.3052631578947369,7652
5.3,2.5,0.0066666666666666,6854
7.233333333333333,1.275,0.0,8152
13.666666666666666,3.0,0.0,8779
13.533333333333331,4.699999999999999,0.1881720430107527,7974
7.533333333333334,3.575,0.8309999999999995,7508
5.266666666666667,3.0500000000000003,0.0111111111111111,7541
10.1,4.85,0.0033333333333333,7177
8.5,3.225,0.0,7188
7.599999999999999,4.925,0.0,6112
1.8333333333333333,3.75,0.0030927835051546,6466
3.6,1.55,0.0,7273
5.599999999999999,1.175,0.0955555555555555,7671
9.133333333333336,1.025,6.82761904761905,6804
12.766666666666666,2.8,0.6723404255319146,6945
16.4,4.925,4.837254901960791,8253
8.966666666666667,5.625,0.0,7445
4.0,2.85,0.0,7340
3.766666666666667,0.975,0.0063157894736842,7521
10.633333333333333,1.95,0.0642105263157894,8146
9.7,6.425000000000001,0.2443298969072166,6134
-0.7333333333333334,6.525,0.0,3193
-2.566666666666667,3.05,0.0,5260
1.7000000000000002,2.825,4.432631578947369,1873
4.3,6.0,51.19816513761468,2240
0.1999999999999999,3.325,3.249484536082475,1574
0.7999999999999999,2.725,0.0,2918
-0.2999999999999999,1.3,0.0,3003
1.3666666666666665,0.825,0.0,3670
5.866666666666667,0.875,0.0032967032967032,6314
7.266666666666667,0.7,0.0,7448
6.866666666666667,1.05,0.0054347826086956,7551
13.533333333333331,3.25,0.0067415730337078,8142
13.266666666666666,4.5,4.582653061224491,2944
4.333333333333333,4.625,22.17428571428572,4878
-0.7999999999999999,3.175,1.8966292134831464,1357
0.3999999999999999,1.6,27.82718446601942,3446
1.0333333333333334,2.35,4.22934782608696,2696
-0.4000000000000001,1.5499999999999998,5.895833333333333,5470
-2.1333333333333333,3.325,0.0055555555555555,5084
-1.0,1.975,0.0,5624
1.4666666666666666,2.75,1.6494623655913982,2794
3.6666666666666665,4.075,11.512121212121212,4301
1.4666666666666668,2.675,0.008695652173913,5612
1.6666666666666667,1.925,0.0595744680851063,5350
1.8333333333333333,2.725,0.4457446808510638,5772
3.1666666666666665,2.275,0.0034090909090909,6653
10.033333333333331,3.375,0.0,6511
15.166666666666666,4.949999999999999,0.0057471264367816,6430
18.83333333333333,4.925000000000001,1.6928571428571426,2830
15.2,4.15,17.818181818181817,2002
3.2,5.325000000000001,8.877528089887637,2345
-3.433333333333333,2.425,0.0176470588235294,1001
-0.6333333333333333,1.7999999999999998,0.0,2446
1.6333333333333335,1.675,0.0118421052631578,3584
4.333333333333333,2.45,0.0038461538461538,4421
7.400000000000001,2.875,8.655952380952384,1441
5.633333333333333,3.375,20.51976744186047,4356
2.033333333333333,3.75,0.0073170731707317,4126
1.1666666666666667,2.0,0.0,3011
1.6,2.675,1.7258426966292135,3316
-4.633333333333334,6.125,8.931313131313132,1608
-6.933333333333333,2.35,0.0116279069767441,2242
-0.6666666666666666,1.6,0.6987654320987653,2060
3.8333333333333335,6.425,6.160674157303373,3507
-11.166666666666666,4.875,0.5454545454545454,2282
-8.466666666666667,1.775,0.0060975609756097,3855
-1.2666666666666666,1.5750000000000002,0.0036144578313253,4948
0.3,1.1749999999999998,4.425842696629217,1843
4.8,2.575,17.01011235955056,1955
8.433333333333334,3.675,13.027368421052644,5413
4.166666666666667,2.7,0.0430232558139534,6861
9.266666666666666,2.375,2.0896907216494864,5059
4.6000000000000005,2.5250000000000004,4.982828282828287,6459
2.566666666666667,2.625,1.2505263157894737,6016
1.5666666666666669,2.05,0.0344827586206896,6138
0.0999999999999999,5.275,0.110989010989011,3299
-0.9666666666666668,3.05,0.0,4099
6.0,3.5250000000000004,0.0,5316
0.5,5.375,1.2114942528735633,1747
-10.733333333333334,5.699999999999999,7.8561224489795904,1426
-9.633333333333333,3.7,0.0,2426
-9.8,4.15,0.0,2623
-4.966666666666666,5.625,0.0,2259
-3.233333333333333,2.85,0.0068181818181818,2554
0.8333333333333334,5.799999999999999,0.0036144578313253,4484
-8.266666666666666,4.05,0.0117647058823529,3129
-9.1,3.4250000000000003,1.0554347826086947,3160
-7.0,2.175,0.0,4178
-0.6333333333333333,1.375,0.0,5424
2.066666666666667,1.7,0.0,5342
5.9,1.425,0.0,5423
4.866666666666666,4.625,22.48152173913042,2462
-0.0666666666666667,2.25,13.108888888888888,5177
0.6333333333333333,4.1,9.864444444444445,3746
0.1666666666666666,4.1000000000000005,2.596551724137932,5176
0.2000000000000001,1.825,0.5802197802197802,5394
-0.9333333333333332,1.55,0.009090909090909,4037
-1.8333333333333333,1.725,0.0978260869565217,3120
-1.8666666666666665,4.325,0.589473684210526,4431
-4.2,2.925,0.0,4747
-5.466666666666666,3.575,0.3190476190476191,3945
-1.2666666666666666,6.625,29.016666666666666,52
3.4,3.0500000000000003,17.342528735632182,1911
2.066666666666667,5.449999999999999,0.8441860465116273,1748
-1.3333333333333333,3.15,1.2930232558139527,2838
-2.1,3.0,0.0060975609756097,3311
2.0333333333333337,2.875,1.958426966292136,5086
5.366666666666667,3.1,0.7425287356321837,5622
6.766666666666666,1.875,2.5448275862068983,6577
8.466666666666667,1.875,0.6124999999999999,5783
6.4,2.9,3.120652173913045,7817
9.933333333333332,3.325,0.0132530120481927,6065
5.433333333333333,5.125,0.1493975903614458,5396
-0.4666666666666666,1.9,0.3987951807228916,4561
-0.8333333333333334,3.35,2.382142857142859,3921
-2.4,5.875,1.1211764705882348,4882
-6.533333333333334,2.925,0.0,4093
-2.7,1.975,0.0,4560
4.033333333333334,2.05,0.9416666666666668,3493
-2.8666666666666667,5.1,17.640963855421674,418
-8.700000000000001,1.65,6.115294117647062,2244
-2.6,2.525,0.0,4512
-1.1666666666666667,4.675,0.0,4832
0.9666666666666665,4.3,0.0,5064
6.1000000000000005,2.3000000000000003,0.0,8416
8.166666666666666,3.95,0.0,5916
7.1000000000000005,3.125,0.0,6785
11.800000000000002,1.35,0.0,8360
11.366666666666667,5.25,0.748780487804878,6229
-0.6333333333333333,8.266666666666667,3.503333333333335,3984
2.6,5.025,0.3216867469879518,6949
12.833333333333334,4.375,0.0,10344
6.533333333333332,3.975,0.6121951219512195,4813
-2.4666666666666663,4.2,15.098901098901091,1279
0.9333333333333336,3.75,0.4626506024096387,4658
3.5,2.025,0.7758620689655172,3754
8.166666666666666,4.525,5.132954545454549,7514
7.766666666666667,2.225,0.1662650602409638,7677
10.033333333333331,3.225,0.4011904761904762,10847
7.766666666666666,4.8,0.0,5313
0.2666666666666666,3.6,0.0,5341
-0.3999999999999999,2.625,0.914942528735632,3092
-0.3666666666666667,6.550000000000001,5.845360824742271,4933
0.7666666666666667,3.575,0.0,6449
10.6,5.35,0.3087912087912088,6670
13.3,2.625,5.782978723404256,2262
7.533333333333334,6.75,31.54787234042554,896
9.533333333333331,5.8,24.16666666666666,8158
11.0,2.675,0.0064516129032258,9371
11.2,1.425,0.0,8886
13.699999999999998,2.1,0.3556701030927836,9107
11.766666666666666,3.8,0.3354166666666667,8877
11.0,5.1,0.8042553191489358,10754
8.433333333333334,2.225,0.0033333333333333,9817
7.6,2.7,1.8085106382978724,2801
12.833333333333334,4.05,10.789108910891096,8849
11.7,3.35,0.0221052631578947,9872
12.9,4.1,0.0,11241
19.266666666666666,4.05,0.0344086021505376,11432
17.599999999999998,2.6,0.3903225806451612,15564
19.46666666666667,4.4,0.0,14419
21.433333333333334,6.199999999999999,0.0161290322580645,10574
16.666666666666668,6.374999999999999,8.516842105263159,1816
3.866666666666666,5.05,34.679797979797975,7771
6.366666666666666,3.675,0.0296703296703296,8624
6.633333333333333,1.625,0.0,9341
11.733333333333334,2.175,0.0,11926
12.633333333333333,3.675,0.0,9513
11.266666666666666,1.6,0.0,9670
15.133333333333333,2.95,0.6399999999999999,9108
12.966666666666669,7.175,1.9858585858585875,8925
10.7,3.225,0.0065934065934065,9804
12.433333333333332,3.55,1.5655555555555554,7574
15.333333333333334,4.7,9.362745098039216,11510
14.800000000000002,3.275,0.511340206185567,11041
12.533333333333331,3.05,1.6384615384615382,6415
9.4,4.9,8.948598130841122,3115
11.366666666666667,3.95,47.346226415094335,1793
18.433333333333334,2.9,70.07222222222222,9578
16.7,3.1,0.4357142857142856,10333
16.9,1.95,0.0369565217391304,11182
17.166666666666668,4.425000000000001,0.0666666666666666,10512
13.833333333333334,3.55,0.1977777777777777,8087
14.833333333333334,1.5750000000000002,4.293396226415095,10403
14.466666666666669,2.75,0.8195652173913043,8562
18.566666666666663,1.75,3.654901960784317,10403
19.5,2.425,0.0968421052631578,10409
20.9,3.05,0.848314606741573,8231
20.666666666666668,2.275,3.693069306930696,10969
21.866666666666664,2.35,0.9438202247191012,9434
24.166666666666668,2.725,2.5872549019607862,9930
17.333333333333332,3.1,1.4782178217821775,9721
20.8,4.75,1.7633663366336645,9400
18.633333333333336,4.75,52.93944954128441,8033
15.233333333333333,2.75,9.947422680412371,11203
14.766666666666666,3.2,0.0067415730337078,10207
15.133333333333333,2.225,0.0054347826086956,10433
17.400000000000002,1.7000000000000002,0.0,10847
19.9,1.65,0.594845360824742,8503
22.3,3.3,10.922522522522517,10326
21.066666666666663,5.3,1.844210526315789,10399
18.23333333333333,3.35,0.0034090909090909,10525
20.766666666666666,1.95,0.0177777777777777,12085
22.3,2.125,0.0,10689
24.5,2.825,2.2241758241758243,8221
23.2,3.5250000000000004,18.91171171171171,9922
15.233333333333334,3.1,5.922999999999998,5307
16.666666666666668,2.175,8.299019607843134,10805
20.333333333333336,3.45,0.049438202247191,12074
18.766666666666666,2.5,0.0032608695652173,10932
19.866666666666667,3.3000000000000003,0.0032608695652173,10355
23.399999999999995,2.3000000000000003,0.7031578947368419,10367
25.166666666666668,2.1750000000000003,2.978431372549021,10166
21.700000000000003,3.95,10.349532710280371,10737
20.666666666666664,2.65,0.2,11809
21.566666666666663,1.275,0.0,11840
22.666666666666668,3.375,0.7034883720930233,10588
23.83333333333333,2.525,8.808823529411761,10496
25.1,1.7999999999999998,1.7211111111111117,9548
24.700000000000003,3.825,8.3078431372549,8612
22.23333333333333,3.475,15.891666666666662,9210
23.46666666666667,2.525,10.653125,9457
21.366666666666664,4.6,6.154347826086957,11894
20.566666666666663,1.75,0.0197802197802197,11036
24.2,1.475,0.1271739130434782,10432
27.666666666666668,2.675,0.7742574257425742,10506
29.53333333333333,3.2,0.1526315789473684,9991
26.366666666666664,2.6500000000000004,7.094897959183674,10424
23.366666666666664,2.2750000000000004,5.83936170212766,11634
21.53333333333333,2.1,1.104444444444444,9806
22.2,2.125,1.0107526881720423,10828
22.83333333333333,3.375,0.0035714285714285,10838
23.8,4.05,0.0,11169
26.166666666666668,3.5,1.3397727272727271,10195
26.23333333333333,3.275,9.981632653061224,10965
25.2,3.325,0.0104651162790697,10639
23.899999999999995,2.4000000000000004,0.0883720930232558,10850
24.133333333333336,2.425,0.0,10778
25.166666666666668,3.45,0.0,10471
27.3,4.125,0.0,10502
29.03333333333333,3.1,0.4944444444444444,9565
25.899999999999995,2.15,4.995098039215689,8598
23.53333333333333,5.925,10.592473118279573,11897
21.73333333333333,2.625,0.0584269662921348,12826
22.9,3.35,0.0,10926
27.066666666666663,4.2,0.0,10053
28.600000000000005,4.2,1.2511363636363635,8543
24.3,2.225,9.090196078431372,8799
24.36666666666667,1.975,4.612244897959184,8689
23.96666666666667,2.0,7.308080808080806,11229
25.766666666666666,3.5,0.1930232558139535,11512
27.23333333333333,4.025,1.2164705882352942,9341
26.433333333333334,1.975,9.692631578947369,8539
25.366666666666664,1.85,7.758252427184464,7852
23.33333333333333,2.95,26.366666666666667,11308
22.3,2.5,0.0184782608695652,11610
22.46666666666667,1.5750000000000002,0.0,11657
23.633333333333336,2.0,0.0089887640449438,11764
23.73333333333333,2.225,0.1217391304347826,10805
24.1,2.1,0.0181818181818181,11029
25.1,2.7750000000000004,0.0,11192
27.3,3.0000000000000004,0.3321839080459769,10221
24.6,2.85,2.085858585858587,10690
22.200000000000003,2.75,0.233695652173913,12311
24.4,2.55,0.0795454545454545,11983
25.566666666666663,3.35,1.52020202020202,10005
25.566666666666663,5.175,0.7285714285714281,10688
20.76666666666667,3.775,0.0181818181818181,11358
19.7,2.175,0.0,11359
22.8,2.45,0.0,10982
24.13333333333333,2.575,0.1673913043478261,9851
22.166666666666668,2.6500000000000004,3.992079207920794,10837
23.6,2.3,4.398947368421055,9824
23.76666666666667,1.725,7.579381443298969,10887
25.03333333333333,1.375,0.6431818181818182,10716
24.03333333333333,2.075,1.588775510204082,10951
24.2,2.475,0.1,11063
22.8,1.775,0.0034883720930232,11274
23.366666666666664,1.7500000000000002,0.0,10356
24.366666666666664,1.775,0.2081395348837209,10679
23.399999999999995,2.825,0.2259259259259259,9612
22.3,3.0250000000000004,14.714583333333328,5970
24.399999999999995,4.425,70.51340206185566,10882
21.8,3.025,0.0074074074074074,11006
20.83333333333333,2.325,0.0,11942
21.766666666666666,1.725,0.0036585365853658,12251
23.96666666666667,2.425,0.0095238095238095,10588
24.166666666666668,1.9,0.0730337078651685,10714
24.433333333333337,2.875,0.0564705882352941,10530
24.266666666666666,2.25,0.5816091954022988,9150
23.566666666666663,1.2999999999999998,4.607216494845365,9735
24.1,2.175,3.159139784946238,10244
22.2,2.925,3.144827586206898,6431
21.96666666666667,2.3,9.515384615384615,10792
21.866666666666664,1.875,0.0066666666666666,10744
23.0,1.4,0.0085106382978723,10874
24.3,1.525,0.0032967032967032,11138
25.73333333333333,3.75,0.0,11061
21.266666666666666,2.375,0.0,11612
22.73333333333333,3.05,0.0,10214
26.9,3.3500000000000005,0.9954022988505746,8940
26.066666666666663,1.6249999999999998,12.030392156862742,8303
27.53333333333333,2.225,3.1073684210526324,8623
25.5,1.125,8.557281553398058,10412
25.0,2.35,0.0303370786516853,10830
26.7,2.4250000000000003,0.0035294117647058,11006
27.83333333333333,2.85,1.155056179775281,9315
23.03333333333333,3.6,14.24949494949495,11229
21.2,3.875,0.0241379310344827,10377
21.33333333333333,3.925,0.1945054945054945,10978
22.53333333333333,2.9000000000000004,0.0191011235955056,11233
24.73333333333333,3.575,0.0,10997
22.200000000000003,3.575,1.966666666666668,12179
18.9,2.6250000000000004,0.5505617977528089,8207
16.2,2.1,3.1787878787878823,11911
16.866666666666664,1.775,0.0123595505617977,11348
20.1,2.925,0.1516129032258064,12134
17.766666666666666,1.4499999999999995,0.0032967032967032,11633
18.6,1.475,0.1373626373626373,11507
18.2,3.325,0.1921348314606741,11855
20.8,2.25,0.0261904761904761,12677
20.96666666666667,2.375,0.0172413793103448,10737
20.8,5.15,0.2909090909090909,11002
15.5,2.1,0.0,11592
15.766666666666667,4.2,0.09438202247191,9309
17.333333333333332,4.875,20.701,6645
18.933333333333334,2.275,5.350549450549456,12131
19.3,1.375,0.010126582278481,12626
19.433333333333334,1.025,0.013953488372093,10904
19.2,1.0666666666666669,0.0134831460674157,10627
19.9,1.875,1.056382978723404,11608
19.633333333333336,1.9,2.647058823529413,10550
18.7,1.525,0.1760869565217392,11696
18.366666666666667,3.95,0.35,10903
18.73333333333333,4.6,5.393333333333336,10642
10.366666666666667,2.15,0.0955555555555555,9647
13.666666666666666,4.175000000000001,0.0033707865168539,10655
17.966666666666665,3.95,0.8812499999999996,9464
18.7,3.35,9.164814814814816,11261
16.3,2.275,0.0155555555555555,11230
15.933333333333335,2.225,0.1274725274725275,8144
12.866666666666667,3.025,9.552040816326532,5697
12.966666666666669,2.225,2.986046511627907,9419
15.800000000000002,1.325,0.4909090909090908,6611
20.933333333333334,5.0,2.757731958762888,10900
21.933333333333334,3.825,4.7210526315789485,6100
16.3,1.925,25.35784313725491,10076
16.7,2.825,0.7760869565217388,11940
16.26666666666667,4.45,0.0070588235294117,10848
12.066666666666668,4.925,0.0035294117647058,8121
10.766666666666666,2.5000000000000004,0.0181818181818181,9426
14.733333333333334,2.05,1.2781609195402293,7467
12.300000000000002,5.8,18.122826086956508,4386
13.633333333333336,6.125,9.38947368421053,9754
15.566666666666665,4.35,0.0142857142857142,10453
14.266666666666666,2.7,0.1135802469135802,11182
16.166666666666668,4.375,0.0,10253
12.6,1.8,0.0,10538
16.833333333333332,3.0,0.0,11582
17.3,2.05,0.1953488372093023,9396
10.5,2.55,1.119999999999999,10045
9.433333333333332,2.075,0.0072289156626506,9575
9.633333333333336,6.65,0.1282352941176471,6064
7.933333333333334,7.85,0.5267441860465117,5643
9.2,3.2,0.0069767441860465,8563
11.466666666666669,1.975,0.0,9809
15.133333333333333,1.5,0.16625,9118
13.300000000000002,2.3,10.708695652173914,7306
10.833333333333334,5.8,5.048913043478263,8690
5.333333333333333,2.45,0.02375,7551
8.966666666666667,1.1,0.0,7826
8.5,1.4500000000000002,0.0214285714285714,9294
10.966666666666669,1.45,0.00375,10772
15.066666666666668,3.675,0.0288888888888888,9539
6.133333333333334,3.5000000000000004,0.1694117647058823,7124
2.833333333333333,5.050000000000001,1.2031914893617015,7018
1.7000000000000002,2.5,0.0037974683544303,5938
3.1,1.875,0.2871794871794871,4737
6.233333333333334,3.325,7.536559139784943,4083
0.5000000000000001,6.6,13.031578947368423,5528
-3.1666666666666665,3.625,0.0,5982
4.2,4.375,0.0285714285714285,7234
0.9666666666666668,4.175000000000001,0.0,6345
0.0999999999999999,2.8,0.1182926829268292,5561
7.1000000000000005,2.325,0.3463414634146342,5560
16.433333333333334,5.449999999999999,9.832323232323231,9142
14.033333333333331,2.1750000000000003,0.0134146341463414,8127
5.266666666666667,3.55,12.07666666666667,1424
3.5666666666666664,2.6,18.18181818181817,1843
1.9666666666666668,3.575,0.0743589743589743,2609
1.7333333333333334,2.7749999999999995,0.0111111111111111,3651
8.566666666666666,3.3,0.0038461538461538,4966
14.466666666666669,3.9,0.37625,6314
4.333333333333333,3.125,8.803260869565218,2653
5.366666666666667,3.4250000000000003,10.696629213483146,6853
4.999999999999999,1.65,0.1097560975609756,7332
4.7,1.4,0.3779069767441862,5986
6.633333333333334,3.0250000000000004,2.6080459770114954,2677
5.599999999999999,5.875,13.487912087912086,5253
1.4666666666666668,4.4,0.0654320987654321,6026
2.4333333333333336,5.25,8.10574712643678,3290
6.433333333333333,7.175,4.90963855421687,6697
2.966666666666667,5.25,0.3182926829268293,6320
4.266666666666667,4.75,0.130952380952381,6760
2.6,2.466666666666667,0.0,5623
5.666666666666667,3.5,0.0,5247
8.333333333333334,1.3,0.0,7638
5.133333333333333,1.3,1.2361445783132532,5947
7.433333333333334,4.3,9.036458333333334,7369
3.0,4.933333333333333,0.0071428571428571,6313
2.2666666666666666,4.266666666666667,0.0038461538461538,5867
-0.0666666666666666,1.25,0.0,3847
1.933333333333333,1.25,0.00375,3552
0.3666666666666665,2.275,0.8134146341463415,2963
4.633333333333334,1.35,7.122826086956521,3720
8.266666666666667,1.625,14.760919540229889,1212
11.1,4.575,10.133333333333338,1635
5.266666666666667,1.525,0.0455696202531645,2911
5.333333333333333,0.8500000000000001,0.004,4181
8.966666666666667,1.7,0.2513157894736841,2861
6.699999999999999,2.1,2.7988235294117665,5142
3.5,2.75,0.0293333333333333,5162
-1.2,2.225,0.0,4209
-0.7333333333333334,2.75,0.0,2578
2.733333333333333,1.2,0.0,5108
1.633333333333333,1.375,2.548101265822785,1703
8.6,4.75,15.772619047619044,3658
5.833333333333333,6.374999999999999,2.19404761904762,5222
-3.6666666666666665,1.775,2.8180722891566274,2060
-5.933333333333334,5.9,2.493827160493827,3035
-10.1,4.275,0.0493975903614457,2952
-2.333333333333333,4.75,0.0072289156626506,4214
-5.4,3.0250000000000004,0.0,2673
-5.033333333333333,1.7000000000000002,0.0,3451
1.7333333333333334,1.4249999999999998,6.751851851851856,2155
1.4666666666666668,4.875,12.88452380952381,5473
-3.0333333333333337,3.1750000000000003,0.2318681318681319,4555
-0.0333333333333332,1.975,0.0670731707317073,5774
0.8333333333333334,4.125,0.0,5683
-0.4333333333333333,3.35,0.0,4217
2.033333333333333,2.125,2.4790123456790134,2523
4.6000000000000005,2.625,9.186904761904758,4634
1.5666666666666669,0.65,0.0061728395061728,6263
0.2666666666666666,1.375,0.5349397590361445,5350
2.4666666666666663,3.0250000000000004,2.3692307692307706,6369
1.5333333333333332,1.875,1.6095238095238094,4733
2.4666666666666663,4.1,26.69890109890112,3472
5.066666666666667,2.6,0.7160493827160496,5159
2.966666666666667,5.074999999999999,2.37294117647059,2429
-1.0666666666666669,6.175,4.736144578313257,4067
-1.9666666666666668,5.15,0.1753086419753086,5094
-2.566666666666667,2.45,0.2013333333333333,4628
2.333333333333333,6.8500000000000005,1.0654320987654318,4848
-4.333333333333333,4.3,0.0141025641025641,3331
-1.2333333333333334,1.925,0.1769230769230769,3587
3.1333333333333333,5.175,3.8511111111111154,3881
-2.7999999999999994,3.65,2.765168539325844,5117
1.5,2.95,0.01,6074
1.9,6.75,0.0,4986
-5.2,2.35,0.0,4927
0.3333333333333332,1.5,0.0,4925
4.6,1.625,0.0,6647
3.8333333333333335,4.050000000000001,0.2341463414634146,4939
0.7999999999999999,5.35,2.819101123595508,5667
1.2,2.7750000000000004,0.036144578313253,6592
1.9666666666666668,5.5,0.0,5439
-6.433333333333334,4.8,0.0135802469135802,4010
-2.9000000000000004,4.925,0.303896103896104,2933
-9.0,9.925,1.414814814814814,1041
-11.333333333333334,3.0,0.6197368421052631,1315
-7.566666666666666,2.125,9.782926829268291,1178
-6.766666666666667,3.3,0.1629629629629629,3143
-8.533333333333333,7.0,0.0987499999999999,2682
-12.1,3.825,0.0077922077922077,2484
-8.933333333333332,3.375,2.764935064935065,741
2.533333333333333,1.2,20.854216867469887,1989
0.5,5.425000000000001,0.0129870129870129,3597
-8.200000000000001,2.75,0.0,3871
-3.6,1.975,0.0,4950
0.3666666666666666,2.5,2.4732558139534904,3475
-1.1333333333333335,3.5,1.4999999999999996,4640
-4.866666666666667,1.875,0.0,3222
-3.766666666666667,1.8333333333333333,2.0443037974683547,768
2.0,4.3,11.819277108433738,4067
-0.7000000000000001,3.4250000000000003,0.4549999999999999,3831
4.333333333333333,1.975,4.712345679012347,4141
1.7666666666666666,4.75,15.230952380952388,538
-6.533333333333334,2.575,15.25853658536585,1928
-4.333333333333333,2.625,0.0,3182
6.166666666666667,2.1,0.0,5348
6.633333333333333,1.05,0.0,7942
5.466666666666666,1.075,1.5822784810126582,3941
10.433333333333334,2.15,10.817977528089887,7700
9.833333333333334,3.65,0.1222222222222222,8999
5.533333333333332,2.375,0.0382716049382716,7908
8.566666666666665,2.625,11.8144578313253,3547
10.2,5.65,5.932530120481929,6416
7.733333333333333,1.5,0.0091954022988505,8781
13.1,5.875,0.0037037037037037,9027
4.766666666666667,4.375,0.0,7382
5.266666666666667,1.725,0.0,8044
3.1666666666666665,3.2,7.549411764705882,2905
5.466666666666666,2.2,6.72093023255814,9043
9.2,4.025,0.0036585365853658,7953
5.066666666666666,2.875,0.0,7967
4.566666666666666,2.1500000000000004,0.0,7729
3.3666666666666667,1.525,0.0546511627906976,7423
13.0,4.075,1.4088888888888886,8536
9.2,3.875,19.907446808510635,6002
2.2,6.625,1.5788888888888892,4573
0.7000000000000001,3.9,0.0,5672
8.866666666666665,4.375,0.3580645161290323,8952
12.1,5.225,0.162962962962963,8011
8.333333333333334,3.075,0.7551020408163263,9877
11.6,5.375,0.0364705882352941,11276
18.13333333333333,4.525,0.7583333333333331,6428
14.933333333333332,6.675000000000001,3.861363636363639,10438
10.6,4.125,0.0280487804878048,10187
14.6,3.925,0.0,12640
18.166666666666664,3.025,1.4404040404040404,11117
10.133333333333336,4.25,12.080999999999992,7441
7.1000000000000005,3.35,4.7390000000000025,7828
9.466666666666669,2.275,2.102083333333334,9398
15.2,4.449999999999999,0.2431818181818183,16746
12.233333333333334,2.1500000000000004,0.0,15752
16.3,4.4,0.3426966292134831,12696
15.866666666666664,2.7,4.805208333333337,3825
13.966666666666669,2.3,11.595049504950495,11129
14.966666666666669,3.25,0.0835294117647058,11691
18.4,2.275,3.901010101010107,12550
20.23333333333333,1.725,0.3766666666666666,16008
17.066666666666666,5.975,0.5114942528735632,10255
18.33333333333333,4.574999999999999,32.5196261682243,9068
16.8,4.2,7.904807692307695,11644
13.233333333333334,4.699999999999999,0.0945054945054945,10545
10.033333333333331,5.3,0.4612244897959184,10107
9.2,5.4,0.0109890109890109,10376
8.233333333333333,2.175,0.6767441860465117,7192
10.699999999999998,2.3,6.284466019417477,10337
11.166666666666666,4.25,0.0103448275862068,8869
13.733333333333334,4.375,0.0531914893617021,10999
16.5,1.725,0.0,11664
16.400000000000002,2.525,0.6134146341463413,10257
13.766666666666666,2.95,3.649000000000002,10356
15.6,1.875,0.028235294117647,12579
18.7,1.9,0.0,12106
20.6,3.45,0.0,11992
22.53333333333333,2.4000000000000004,0.4235294117647058,11100
21.066666666666663,2.55,3.717346938775511,11489
20.6,2.375,2.1021505376344094,12322
21.633333333333336,1.775,0.0034482758620689,13431
21.36666666666667,2.5,0.0404494382022471,12851
23.23333333333333,2.825,0.0103448275862068,11100
23.399999999999995,2.0,0.0820224719101123,12139
24.666666666666668,3.95,0.2642105263157895,12067
19.266666666666666,5.925000000000001,0.0032967032967032,11780
15.2,2.675,0.0,12617
17.533333333333335,3.7,0.0,13651
22.2,2.725,0.9744186046511628,11208
23.3,1.55,12.118269230769227,10942
25.7,1.925,2.923762376237625,10445
24.86666666666667,2.6,29.22685185185184,12068
20.33333333333333,5.3,0.5611111111111111,12986
13.833333333333334,2.575,0.8442105263157892,6983
15.866666666666664,4.45,6.121359223300968,12531
17.166666666666668,2.65,0.0099999999999999,12720
18.7,2.6,0.0,13579
23.03333333333333,4.2,0.0,12009
24.066666666666663,3.925,0.0,11354
25.03333333333333,3.15,0.5033333333333333,11475
25.466666666666665,2.125,1.4363636363636365,11638
24.8,3.175,1.2989898989898987,12067
25.46666666666667,4.3,0.5629213483146067,12672
26.03333333333333,4.275,0.0174418604651162,10928
25.8,3.05,5.276999999999999,8106
18.26666666666667,4.125,36.3440366972477,8055
14.933333333333332,3.775,4.306730769230774,9882
15.633333333333333,3.6,3.4079207920792105,6360
17.099999999999998,1.85,10.208000000000004,11082
21.5,3.275,0.4204301075268816,12685
21.7,3.675,0.0549450549450549,11675
22.600000000000005,4.475,2.1311111111111107,9967
24.33333333333333,4.2,15.59537037037037,11772
23.633333333333336,2.5,0.0153846153846153,11590
25.96666666666667,2.475,0.0033333333333333,11854
28.23333333333333,3.325,0.0116279069767441,10872
27.1,2.2,1.0467391304347824,11768
27.9,1.725,4.063000000000001,9515
26.9,2.5,5.662376237623764,9987
27.96666666666667,3.525,1.7959595959595958,11500
25.26666666666667,2.1,0.6629213483146067,11175
24.433333333333337,2.225,11.30094339622642,9995
25.266666666666666,2.9000000000000004,13.73434343434343,12024
26.03333333333333,2.85,4.383157894736843,9318
26.73333333333333,3.55,40.98834951456311,8784
28.266666666666666,2.625,0.0608695652173913,11263
28.766666666666666,3.475,3.648314606741573,9190
24.03333333333333,3.1,22.05436893203883,12590
24.066666666666663,2.1750000000000003,1.31685393258427,11131
22.76666666666667,2.575,13.294117647058826,13042
21.433333333333337,4.625,11.643333333333327,3305
21.366666666666664,3.425,44.86555555555557,11621
21.76666666666667,2.825,0.6698795180722891,12205
24.33333333333333,3.575,0.2651685393258427,11980
24.666666666666668,2.45,14.990291262135925,11223
22.53333333333333,1.525,3.904166666666667,11257
21.76666666666667,1.85,1.718888888888889,12791
22.866666666666664,1.45,2.88709677419355,10288
23.399999999999995,1.5,9.87717391304348,12199
25.633333333333336,3.125,1.6483146067415733,10902
26.166666666666668,2.75,8.212903225806446,12223
26.866666666666664,2.7,1.703370786516854,9495
26.933333333333334,2.875,12.252083333333324,11045
26.399999999999995,3.475,1.5294736842105277,13013
25.8,1.8000000000000005,3.236470588235296,12420
24.366666666666664,1.05,1.097647058823529,11711
23.96666666666667,1.475,1.3630952380952377,10224
25.76666666666667,2.4250000000000003,3.10515463917526,11591
25.666666666666668,4.300000000000001,0.5978494623655911,12088
23.03333333333333,2.6750000000000003,0.250561797752809,13257
23.100000000000005,3.0500000000000003,0.0152941176470588,12627
26.066666666666663,2.75,0.3602409638554216,11096
28.96666666666667,2.1,2.320212765957448,10148
29.96666666666667,2.375,0.0,10856
28.73333333333333,2.025,0.4091954022988505,11811
25.899999999999995,3.425,0.7882978723404254,12934
24.433333333333337,2.2750000000000004,0.0,12992
24.33333333333333,2.175,0.0033707865168539,13339
25.33333333333333,2.375,0.0,12902
26.399999999999995,3.9,0.0035294117647058,11314
26.23333333333333,2.325,4.630000000000003,10919
27.03333333333333,1.525,4.105494505494508,11976
26.46666666666667,2.35,2.928409090909092,12170
27.23333333333333,2.65,6.230107526881722,10808
26.7,2.4,8.468367346938777,12396
26.33333333333333,2.225,0.0034482758620689,12043
25.7,2.0,0.0597701149425287,11447
26.1,3.1750000000000003,0.0,12085
27.6,2.7,2.012359550561799,11626
26.166666666666668,2.35,3.905263157894739,12501
24.4,2.5250000000000004,0.0602409638554216,12617
23.2,2.975,1.841052631578947,12181
24.6,2.775,0.065,12970
24.633333333333336,2.6,0.0,11651
23.33333333333333,3.625,4.155208333333337,10494
25.2,3.25,4.9780000000000015,11342
24.866666666666664,3.45,1.7020000000000004,12485
23.26666666666667,2.175,0.0,12435
22.666666666666668,1.525,0.0,12549
24.3,2.225,0.0,12082
25.4,2.2,0.0,10192
26.9,2.675,0.1223529411764706,10971
26.266666666666666,2.3,0.0373626373626373,11595
26.433333333333337,3.65,0.9115789473684208,11966
26.0,3.075,5.936,10192
24.166666666666668,3.2,6.269607843137255,12902
22.766666666666666,2.375,0.0147727272727272,12339
22.23333333333333,1.65,0.0,10981
25.066666666666663,2.375,1.0034883720930232,10283
23.933333333333334,2.55,10.205714285714285,12672
22.33333333333333,2.725,0.0067415730337078,12330
21.03333333333333,2.425,0.0,12406
21.766666666666666,1.6,0.0,12210
23.633333333333336,3.0,0.0,11526
24.166666666666668,2.325,0.0,10188
26.433333333333334,2.425,0.0063829787234042,11052
26.866666666666664,1.65,0.0030612244897959,11522
27.166666666666668,1.525,0.0225806451612903,11378
26.933333333333334,1.75,0.305050505050505,11131
26.96666666666667,2.85,1.3090909090909093,11050
25.366666666666664,3.2750000000000004,0.4369999999999999,10867
23.73333333333333,1.3750000000000002,0.0,12400
24.066666666666663,2.15,0.0,10351
26.83333333333333,3.1,0.0,10965
27.53333333333333,2.875,0.0936842105263157,11065
24.866666666666664,3.375,4.523364485981311,10356
22.76666666666667,2.725,5.566346153846155,12167
20.133333333333333,2.175,1.2826086956521734,6665
19.366666666666664,4.325,11.358823529411762,10397
17.96666666666667,3.025,0.0684782608695652,11156
19.83333333333333,1.45,0.0,11943
21.000000000000004,1.075,0.0054945054945054,11938
21.933333333333337,1.6749999999999998,0.0,11949
22.266666666666666,1.85,0.0,11956
22.766666666666666,2.575,0.0,11580
22.46666666666667,3.975,0.0,10998
18.8,3.75,0.471590909090909,7816
18.2,3.525,4.36168224299066,11952
19.866666666666664,2.75,0.0285714285714285,12773
19.166666666666668,2.825,0.0,12514
19.466666666666665,4.25,0.0,11403
19.366666666666664,5.175000000000001,0.043010752688172,11038
18.633333333333333,4.300000000000001,0.4369565217391303,9979
21.6,2.175,0.0377777777777777,11305
23.066666666666663,2.725,5.541489361702127,7240
22.53333333333333,4.025,54.82612612612613,10184
14.766666666666666,5.225,4.050961538461541,4799
12.0,6.475,21.24757281553399,2079
10.833333333333334,6.7,28.57326732673267,4050
13.133333333333333,5.975,2.443434343434345,6624
14.133333333333336,3.3,0.1172043010752688,10445
15.233333333333334,1.4249999999999998,0.0092783505154639,11551
17.866666666666664,1.1749999999999998,0.0032258064516129,11734
17.733333333333334,1.25,0.0,11711
19.83333333333333,3.025,0.9683673469387752,10501
16.2,3.0,9.173584905660377,10269
12.6,1.075,0.1939759036144578,10491
14.7,1.875,0.0034090909090909,10495
17.833333333333332,2.325,0.0627906976744186,10803
16.733333333333334,2.65,0.6494505494505494,11406
13.933333333333332,2.65,0.005813953488372,11506
13.366666666666667,3.6666666666666665,0.0,11263
10.233333333333333,4.066666666666666,0.0,8782
6.6000000000000005,3.9333333333333336,0.0,6978
6.333333333333333,1.8666666666666665,0.0,9074
10.8,2.1,0.0,10036
13.7,1.2,0.0,10678
15.433333333333332,1.7,0.0033333333333333,11287
17.0,2.7750000000000004,0.0034090909090909,11470
10.966666666666669,2.5500000000000003,0.0,9730
15.4,3.4250000000000003,0.7820224719101119,8587
11.7,2.125,0.6010989010989006,9973
8.6,2.975,0.0317647058823529,9797
16.066666666666666,5.6,4.838541666666669,5179
18.83333333333333,2.625,21.7234693877551,10632
11.766666666666666,4.075,0.0457831325301204,9700
8.966666666666667,2.275,0.0636363636363636,8721
13.6,2.6,0.6920454545454541,7211
14.166666666666666,0.375,0.7273684210526311,9446
12.366666666666667,0.575,0.0186813186813186,10508
13.9,1.15,0.1355555555555555,10822
16.733333333333334,1.5,4.20288461538462,10553
20.0,3.6,0.1505494505494506,11609
17.266666666666666,2.5500000000000003,1.0693181818181812,5610
11.266666666666666,2.4,3.0419354838709687,8994
6.566666666666666,1.95,1.5023255813953489,6715
11.833333333333334,4.525,18.4148514851485,5773
13.533333333333331,4.675,3.977777777777781,8901
11.466666666666669,2.7,0.4439560439560439,8476
13.766666666666666,5.624999999999999,1.8663265306122456,9262
9.433333333333332,4.9,0.0,7171
7.933333333333334,2.5,0.0033333333333333,7441
11.733333333333334,1.5,0.0089887640449438,9156
10.166666666666666,3.625,0.0,9226
12.0,3.6,0.0,9768
16.833333333333332,3.225,2.8049504950495066,6255
12.366666666666664,4.324999999999999,11.736,9097
5.766666666666666,2.5250000000000004,0.0091954022988505,7299
7.8,5.625,0.0034482758620689,4948
2.333333333333333,4.2,0.0,6601
4.5,1.925,0.0,7500
5.666666666666667,2.2,0.0,6864
8.366666666666667,1.175,0.0,3394
10.066666666666666,1.95,0.0,6240
12.8,1.475,0.0583333333333333,6418
10.366666666666667,3.2750000000000004,5.041111111111115,2877
5.033333333333333,3.875,2.9125000000000014,4160
7.1000000000000005,1.7333333333333334,11.476041666666672,3954
10.233333333333333,2.233333333333333,14.505154639175258,5740
8.8,6.433333333333333,5.100000000000005,7969
5.6000000000000005,2.2,0.0546511627906976,7940
4.300000000000001,0.9666666666666668,0.0,7086
3.733333333333333,1.0666666666666669,0.0032967032967032,5980
6.066666666666667,1.8,0.0056179775280898,7928
6.333333333333333,1.25,0.0109890109890109,8458
4.9,2.175,0.0134831460674157,7982
8.566666666666668,0.975,0.2715789473684211,8685
9.7,1.175,0.0098901098901098,8722
11.4,1.075,0.0034883720930232,8720
13.966666666666669,1.575,0.0,8034
15.933333333333332,4.074999999999999,0.2222222222222222,6645
16.0,5.4,2.4515151515151525,8803
8.666666666666666,2.125,0.0105882352941176,8625
9.033333333333331,1.275,2.1340909090909097,4553
7.766666666666666,5.5,10.262500000000005,6698
2.2,4.425,0.0141176470588235,4279
1.9666666666666668,2.325,0.0,4219
6.633333333333334,4.125,0.0619047619047618,6675
12.800000000000002,2.625,2.647191011235957,4934
14.866666666666667,2.65,4.796551724137934,2263
19.166666666666668,3.75,25.671739130434776,2796
18.4,1.5750000000000002,4.848837209302327,1502
14.0,3.325,15.182558139534882,2702
13.6,4.3,1.103658536585365,4623
9.7,5.35,2.1011627906976744,4459
7.433333333333334,2.275,16.840217391304346,5253
9.5,1.65,1.0034090909090905,5275
10.566666666666665,2.975,1.7366666666666668,5855
5.766666666666667,3.55,0.0349397590361445,3220
2.833333333333333,2.05,0.0036585365853658,4921
3.333333333333333,2.675,0.0,4965
1.1333333333333335,6.2250000000000005,0.0036585365853658,5133
-5.1,3.4,0.0,4850
-3.766666666666667,1.15,0.0,5712
1.2,1.05,0.0,6592
4.4,1.85,0.3526881720430109,6153
6.533333333333334,1.6750000000000005,1.3640449438202242,5314
11.9,6.3,22.7247311827957,5663
1.2666666666666666,4.325,0.9785714285714284,6294
0.6,5.075,0.023170731707317,6490
-3.033333333333333,4.3,0.0252747252747252,5620
0.6333333333333333,2.625,0.0,7164
5.066666666666667,2.1500000000000004,1.1833333333333331,5983
6.8,3.825,9.265306122448983,5908
2.3000000000000003,2.35,0.1554216867469879,3400
-4.033333333333334,7.375,1.014117647058823,2499
-7.6,6.725,0.0164556962025316,3912
-5.366666666666667,2.85,0.055,4321
-3.0,4.475,0.7274725274725269,4228
-4.333333333333333,4.35,1.5415584415584414,2985
5.266666666666667,3.875,0.1428571428571429,528
-1.4333333333333336,1.525,0.0,2022
1.2333333333333332,5.075,0.04625,2942
-0.3,2.9,0.0524999999999999,2822
5.6000000000000005,2.775,0.0037974683544303,3611
9.566666666666668,2.95,0.4428571428571429,4604
5.666666666666667,2.55,2.9292134831460688,6584
6.466666666666666,2.95,2.771264367816093,4243
10.666666666666666,4.4,14.288172043010752,6691
4.133333333333333,5.15,1.7415730337078648,5822
0.8333333333333334,1.975,0.2301204819277109,5042
1.5,2.2750000000000004,0.0037037037037037,4664
3.9,3.35,0.0392405063291139,5994
2.5,3.2750000000000004,4.195238095238097,4053
0.0666666666666666,6.175,3.196511627906977,5493
-4.2,6.45,0.005813953488372,4246
-5.4,2.45,0.0074074074074074,4363
-5.366666666666666,7.475,0.1164705882352941,1535
-8.700000000000001,3.25,0.02,1851
-5.2,2.75,4.254117647058825,501
3.1666666666666665,4.0,12.873417721518988,3238
3.633333333333333,3.1750000000000003,13.502439024390249,6097
1.6333333333333335,4.25,0.0037037037037037,5822
-1.3,3.2250000000000005,0.0,5633
8.733333333333333,4.4,0.0037974683544303,8245
10.933333333333332,2.15,0.2512820512820513,4254
8.1,2.525,1.9076086956521745,7148
5.2,3.925,3.8825581395348863,2585
7.066666666666666,4.125,16.011235955056186,3279
9.966666666666669,6.775,28.204301075268816,6330
2.966666666666667,6.75,0.0488095238095238,5345
1.2666666666666668,2.325,0.0098765432098765,5432
6.9,3.975,0.0,8732
13.666666666666666,4.975,0.0,7828
9.6,3.65,0.0,8588
8.333333333333334,7.449999999999999,3.1239583333333365,5918
0.3666666666666666,2.35,0.1858823529411765,5902
1.4666666666666668,4.275,3.461956521739133,5345
3.1666666666666665,2.45,0.091860465116279,5334
4.633333333333333,1.55,0.1494252873563219,5899
7.2,3.525,0.0,9003
15.266666666666666,2.075,0.0,10558
16.5,2.625,0.0,11214
19.766666666666666,4.074999999999999,0.0,10954
19.766666666666666,3.325,0.0,11219
12.133333333333333,1.5,0.0,10428
12.233333333333334,3.15,1.5059523809523807,5194
9.633333333333333,4.125,14.032631578947372,7671
10.233333333333334,2.0,0.8933333333333328,8558
13.666666666666666,2.05,0.1576470588235295,13356
14.0,3.225,0.0246913580246913,10673
13.033333333333331,4.3500000000000005,0.0036144578313253,11429
7.533333333333334,3.775,1.0423076923076924,3227
3.866666666666666,3.65,5.274712643678162,4532
5.400000000000001,4.525,0.5295454545454544,7580
6.566666666666666,3.5,0.0036585365853658,9763
15.766666666666666,3.875,0.0,12340
16.4,4.425,0.0,13363
19.266666666666666,5.699999999999999,0.115,12212
9.466666666666669,3.325,0.770238095238095,14116
10.9,2.975,0.1075,8564
12.166666666666666,6.05,7.999999999999999,8430
11.5,5.85,0.7988235294117639,10221
8.966666666666667,3.7,0.0,10873
16.099999999999998,6.324999999999999,0.0,11029
21.600000000000005,5.35,0.1388235294117647,10874
15.366666666666667,4.8,2.820224719101126,9282
7.1000000000000005,6.65,2.107142857142858,6800
12.0,5.324999999999999,0.4682926829268292,7398
4.2,5.375,2.923655913978496,7512
4.733333333333333,4.8,0.0261904761904761,9068
12.3,4.7250000000000005,3.158139534883722,5433
8.266666666666667,4.699999999999999,16.32528735632184,9529
5.333333333333333,5.7250000000000005,2.329885057471267,4069
3.4,3.95,2.8802325581395363,7421
12.466666666666669,5.95,0.3348837209302327,9456
17.166666666666668,5.550000000000001,0.7224719101123593,8583
9.766666666666666,2.675,1.3301075268817193,10131
9.7,2.125,0.0034090909090909,10523
11.066666666666668,1.775,0.0,11395
12.8,2.4,0.0,13505
13.933333333333332,1.35,0.0,12367
18.2,1.8000000000000005,0.0,11882
19.933333333333334,4.05,0.0,11927
15.9,3.0500000000000003,0.0,11650
15.366666666666667,3.575,0.0,11447
19.9,3.825,0.0223529411764705,11093
17.799999999999997,4.449999999999999,1.1348837209302316,8487
14.033333333333331,2.925,2.665517241379311,11948
16.3,2.85,0.3135802469135803,11694
22.566666666666663,4.65,0.0,11718
16.166666666666668,3.25,0.3244444444444445,8360
11.633333333333333,3.475,2.1670329670329687,5195
9.566666666666665,2.7,7.951648351648351,8258
11.699999999999998,2.575,0.559036144578313,8511
12.0,3.175,8.354878048780488,4376
15.666666666666666,2.85,12.592771084337352,8139
17.833333333333332,2.95,26.05520833333333,8132
13.666666666666666,3.4750000000000005,5.760416666666671,9625
11.533333333333331,3.75,0.81590909090909,8726
11.666666666666666,2.9250000000000003,4.98409090909091,3102
12.733333333333334,2.375,22.3438202247191,9225
16.333333333333332,4.05,1.3584269662921338,10803
13.1,1.85,0.3662500000000001,9164
14.8,2.575,1.8400000000000003,10242
13.233333333333334,1.575,6.9542553191489365,7669
15.566666666666668,1.65,5.220224719101126,10805
18.866666666666667,3.1500000000000004,0.4387499999999999,10106
16.933333333333334,3.75,2.2855421686746995,9389
12.033333333333331,5.85,3.405747126436783,8507
11.533333333333331,3.35,0.01375,11357
12.933333333333332,1.3666666666666665,1.2761904761904763,5374
13.9,2.6750000000000003,8.206185567010307,10583
16.166666666666668,1.9,0.3032608695652175,11720
17.03333333333333,2.25,0.0035714285714285,13860
15.033333333333331,3.9,7.528260869565218,4432
12.566666666666668,3.45,13.271590909090907,2851
16.166666666666668,2.55,11.043678160919535,8048
19.633333333333333,3.325,7.904166666666665,13235
22.166666666666668,2.15,0.0399999999999999,12786
23.066666666666663,2.8,0.0,12188
25.73333333333333,3.075,0.0172413793103448,12139
25.53333333333333,3.425,0.0,11560
23.5,2.275,1.230379746835443,9069
22.46666666666667,2.125,12.151648351648353,9930
24.4,1.5499999999999998,0.3658536585365853,11578
24.5,2.3,0.2694117647058823,12355
22.6,2.325,0.0775280898876404,12366
23.066666666666663,2.3,2.112087912087912,8517
23.5,2.725,8.191489361702123,11991
23.933333333333334,3.7,2.840425531914894,9378
24.03333333333333,3.4250000000000003,4.190322580645163,12468
24.766666666666666,4.025,0.0755813953488372,13271
19.7,5.675,0.2968085106382979,13586
18.83333333333333,4.125,0.0258426966292134,13423
21.633333333333336,3.5500000000000003,0.0,13730
24.866666666666664,3.375,0.0,11993
28.96666666666667,6.225,0.0,11023
21.866666666666664,4.175,0.0152941176470588,13161
23.23333333333333,3.15,0.0,13949
21.366666666666664,2.45,0.3225806451612904,12954
23.96666666666667,3.425,4.836458333333335,11056
21.866666666666664,3.9,15.62574257425743,13290
23.133333333333336,2.15,0.1045454545454545,13550
24.100000000000005,2.5500000000000003,0.0,11830
25.3,2.7,0.0,12912
25.8,2.95,5.155056179775281,9513
23.9,3.2250000000000005,27.904901960784297,13902
23.2,2.1,6.6670103092783535,9435
24.366666666666664,3.225,4.478947368421056,12405
24.13333333333333,2.85,1.8044444444444447,13600
23.83333333333333,1.95,0.0066666666666666,12356
23.8,3.525,0.4363636363636363,11922
25.399999999999995,2.4000000000000004,5.5323232323232325,11064
23.066666666666663,3.65,12.217,13778
22.53333333333333,2.1,0.0272727272727272,13319
24.633333333333336,2.625,1.055813953488372,12405
23.4,3.4,5.580412371134021,14072
20.73333333333333,2.0,1.4933333333333323,13036
20.53333333333333,3.125,2.3367816091954032,7600
25.96666666666667,3.025,22.688297872340428,11970
28.133333333333336,1.875,0.2178571428571429,12448
28.23333333333333,2.8500000000000005,0.0059523809523809,12218
27.9,2.425,0.5987499999999999,11581
27.53333333333333,3.175,5.011458333333334,12198
25.8,3.775,0.503448275862069,11981
25.03333333333333,1.95,0.0154761904761904,12710
25.200000000000003,3.2750000000000004,0.0,13168
26.73333333333333,2.525,2.2604395604395604,12520
28.9,3.375,2.4875,12086
28.6,2.875,0.0,12613
27.166666666666668,2.5,0.7182926829268291,13837
25.166666666666668,2.2,7.759574468085106,15526
27.63333333333333,2.825,0.764102564102564,9729
26.433333333333337,2.625,7.650549450549451,12325
25.46666666666667,2.125,7.787777777777777,13300
25.33333333333333,2.4,0.0060975609756097,12862
27.600000000000005,2.8999999999999995,0.0,12105
30.3,2.95,0.165,10261
29.433333333333334,2.425,0.3411764705882353,9615
31.0,2.825,2.5693181818181827,10275
29.866666666666664,2.375,2.3253012048192776,11150
29.766666666666666,2.1,0.0419753086419753,11568
28.46666666666667,2.5250000000000004,3.499999999999999,9366
26.33333333333333,2.7,32.690526315789484,12151
26.73333333333333,2.2750000000000004,6.303703703703704,8938
25.933333333333334,1.85,28.62395833333333,10844
27.0,2.05,2.6372093023255823,11951
26.63333333333333,3.375,1.6651162790697671,13374
24.633333333333336,3.1500000000000004,0.1894117647058823,13591
24.066666666666663,2.25,0.0,13555
24.36666666666667,2.975,0.0588235294117647,13186
26.8,3.0,0.7369047619047618,11340
26.666666666666668,2.475,2.4213483146067425,11962
24.766666666666666,2.0,0.0036144578313253,11926
22.566666666666663,1.85,0.0247058823529411,12424
27.7,3.725,0.0923076923076923,12258
29.83333333333333,3.8,0.0,11466
30.166666666666668,3.7,0.4548780487804877,10853
30.9,3.633333333333333,1.3310344827586202,8717
31.73333333333333,3.5,0.7717647058823529,7708
28.166666666666668,2.2,6.9,9240
27.0,3.233333333333333,25.475510204081623,11316
29.433333333333334,3.2,3.5231707317073173,10988
26.566666666666663,2.7,18.98041237113402,11821
27.1,1.7,0.0662650602409638,11915
26.433333333333334,2.25,0.0037037037037037,11534
25.9,3.1750000000000003,1.3743902439024391,7252
24.1,3.25,14.126041666666667,12349
22.8,1.825,0.0095238095238095,13042
23.5,2.9250000000000003,0.0034482758620689,12753
25.4,3.2750000000000004,0.0,12524
29.0,2.225,0.0,11296
28.36666666666667,2.3500000000000005,0.0,11197
26.266666666666666,2.0500000000000003,0.0,10528
26.566666666666663,2.0,0.0,11433
27.3,2.25,0.0,12216
25.83333333333333,2.6000000000000005,0.1626506024096385,11613
24.866666666666664,2.8,5.14318181818182,9998
22.83333333333333,3.8,5.146666666666667,12715
22.8,5.45,0.0493975903614457,11027
22.8,2.85,0.0219512195121951,12790
22.3,2.25,0.0,11220
26.0,3.975,0.0,11752
26.8,2.4250000000000003,0.6931818181818182,11028
28.23333333333333,2.875,8.08787878787879,11470
29.83333333333333,2.45,0.0034883720930232,11415
29.03333333333333,3.4750000000000005,0.019753086419753,10376
27.23333333333333,3.825,0.0,11585
22.86666666666667,2.8,0.0,12311
23.83333333333333,3.5500000000000003,0.0,12805
26.1,2.275,0.0,12525
23.03333333333333,3.775,0.0,13273
21.1,2.95,0.0,13211
22.8,3.2749999999999995,0.0,12902
24.866666666666664,3.3,0.0,11347
23.96666666666667,2.3,8.071276595744683,8464
22.933333333333334,2.8000000000000003,10.237894736842108,12630
23.83333333333333,2.725,0.028235294117647,12489
23.96666666666667,2.175,0.0383720930232558,12730
23.2,1.525,0.0,13342
22.066666666666663,2.9250000000000003,0.0,13106
17.700000000000003,2.225,0.0,11949
17.733333333333334,3.2,0.1325581395348837,11452
20.1,1.875,7.976415094339619,12357
18.23333333333333,4.2,4.640229885057472,7727
19.633333333333333,7.1000000000000005,48.37600000000001,5886
17.03333333333333,5.725,20.0795918367347,8526
17.366666666666667,3.575,4.577777777777782,6629
18.9,1.3750000000000002,7.804123711340208,10444
20.2,1.95,0.1606741573033708,12301
17.566666666666666,3.625,0.0035294117647058,12794
17.233333333333334,2.9000000000000004,0.0,12590
16.2,2.1750000000000003,0.0033707865168539,12362
17.76666666666667,2.9,0.0033333333333333,13195
18.53333333333333,3.225,1.2072916666666662,5125
16.666666666666668,7.775,11.34455445544554,10026
13.6,4.05,0.4313953488372093,10415
11.466666666666669,1.5,0.0034883720930232,11529
12.933333333333332,1.375,0.0,11797
14.5,2.7,0.0034090909090909,12239
13.2,1.875,0.0034883720930232,12471
12.566666666666668,1.6,0.0,12319
15.0,2.3,0.0,11253
19.83333333333333,2.0,0.0,11905
21.000000000000004,2.425,0.0056818181818181,12986
23.2,1.7999999999999998,0.0091954022988505,12921
23.133333333333336,3.5500000000000003,0.2220930232558139,13020
20.466666666666665,4.925,0.6795454545454546,10585
13.3,8.175,5.299000000000001,8904
12.5,3.9499999999999993,0.0126436781609195,9605
15.566666666666668,4.5,0.0,10800
11.566666666666668,4.15,0.0,11181
8.200000000000001,1.85,0.0,10697
12.066666666666668,3.475,0.1606741573033707,9280
13.3,4.75,1.5870000000000004,10627
12.066666666666668,2.95,0.0034482758620689,11615
19.23333333333333,3.5,0.0715909090909091,10902
13.9,3.075,0.4829787234042551,10726
10.133333333333333,2.1,0.0054945054945054,11369
15.433333333333335,1.475,0.0,12123
18.366666666666667,2.975,0.0411111111111111,11958
15.800000000000002,3.9,0.1842105263157895,11980
10.833333333333334,2.0250000000000004,0.0,11303
13.133333333333333,3.95,0.0,9840
10.233333333333333,1.95,0.0,10155
9.233333333333334,1.6,0.0,12026
13.066666666666668,3.4250000000000003,2.4166666666666683,7399
10.866666666666667,3.975,2.589795918367348,10251
11.9,5.075000000000001,0.0034090909090909,9848
7.333333333333333,2.825,0.0,8327
6.0,1.7000000000000002,0.0,8155
6.966666666666666,1.25,0.0186046511627906,9210
11.4,2.45,0.6411764705882347,10395
9.533333333333331,2.5250000000000004,0.0183908045977011,10046
10.4,2.425,0.1802083333333334,10495
10.2,1.1,0.0,11253
10.733333333333334,4.25,0.1103448275862069,8247
5.0,9.3,0.6527472527472523,3826
3.4,6.574999999999999,0.0,6826
3.6666666666666665,4.125,0.0,7626
3.733333333333333,1.3,0.0035294117647058,6903
7.933333333333334,1.125,0.0440860215053763,3328
8.233333333333334,1.3,0.0058823529411764,5831
8.4,4.525,0.0,4991
5.966666666666666,2.6500000000000004,0.0,4867
3.9333333333333336,2.45,0.0,8027
11.0,2.275,1.6693877551020408,6331
14.6,2.4000000000000004,8.539603960396036,6170
12.633333333333336,4.9750000000000005,20.561000000000003,9131
7.866666666666667,5.475,0.0224719101123595,8411
6.933333333333333,5.824999999999999,0.0033333333333333,6209
5.066666666666667,2.575,0.3285714285714285,5264
6.966666666666666,2.825,7.714141414141413,8210
5.866666666666667,3.6,3.4875000000000003,3893
6.766666666666667,2.55,22.11010101010101,8655
4.133333333333334,3.8,0.0505617977528089,7993
0.8333333333333334,5.875,0.0160919540229885,6419
-0.5666666666666668,3.85,0.0,4202
-0.7000000000000001,2.6500000000000004,0.0035714285714285,3815
6.266666666666667,3.5250000000000004,4.311340206185573,7037
5.066666666666666,2.15,0.2908045977011495,7743
4.333333333333333,2.725,0.0149425287356321,7610
-1.4,7.1,0.0,4556
-7.1000000000000005,3.225,0.1302325581395348,4517
-0.8000000000000002,2.825,4.767441860465119,2319
9.666666666666666,6.15,4.43373493975904,3313
0.8999999999999999,3.575,0.3845238095238096,6328
-1.6666666666666667,1.5499999999999998,0.0074074074074074,6106
0.7666666666666667,1.4500000000000002,0.0,6587
5.2,4.025,0.0058823529411764,6187
3.4666666666666663,2.05,0.0,4209
5.466666666666666,2.175,10.351764705882353,1372
5.433333333333333,1.6,3.476250000000001,2155
4.433333333333334,2.175,0.0102564102564102,2361
12.933333333333332,4.625,0.3062500000000002,5803
7.733333333333332,3.175,0.0276315789473684,6396
4.6,3.65,4.691666666666671,4254
3.2,5.225,1.034177215189873,4447
1.9,4.775,0.0645569620253164,3217
7.3,1.85,0.00375,4063
5.666666666666667,3.225,4.318390804597705,1638
5.966666666666666,2.2,10.801162790697674,3771
8.266666666666666,4.575,15.14130434782608,7185
0.4666666666666667,2.45,0.1950617283950618,6214
-0.5333333333333333,4.3500000000000005,0.2730337078651687,5570
-4.7,5.4750000000000005,0.186046511627907,1809
-7.566666666666666,6.1,1.3806818181818172,1920
-7.5,2.725,0.0,4617
-3.7000000000000006,4.225,0.0536585365853658,5606
6.4,3.6,1.7199999999999998,7267
13.566666666666668,6.65,1.9326086956521744,9091
13.066666666666665,4.574999999999999,0.0367088607594936,8031
2.9666666666666663,2.1750000000000003,1.471084337349397,1864
3.3666666666666667,2.075,6.121348314606743,5348
3.9333333333333336,2.075,0.1306666666666667,4485
5.733333333333333,1.9,1.3168674698795173,5574
9.666666666666666,3.975,4.072941176470592,7345
8.233333333333334,2.175,0.037037037037037,7376
4.8,1.425,0.1349397590361445,5566
8.366666666666667,1.775,0.6919540229885052,8157
8.7,3.2,0.6428571428571423,4066
7.399999999999999,8.25,6.280000000000004,2905
5.033333333333333,6.525,16.655555555555544,7389
9.466666666666669,3.075,0.0604938271604938,9023
9.466666666666669,5.2,0.0162790697674418,8048
5.1000000000000005,6.050000000000001,0.0258823529411764,6887
3.2999999999999994,3.1,0.0,5555
3.0,2.55,0.0036585365853658,5250
1.6,3.925,1.1923076923076916,5420
2.4,3.05,0.0735632183908045,7764
4.7,1.975,0.0035294117647058,8231
6.333333333333333,3.375,0.0149425287356321,7649
1.6,4.275,0.0,6543
-1.1333333333333335,3.2750000000000004,0.0,4807
3.2,3.2250000000000005,0.0,5489
6.3,2.55,0.0,8399
12.766666666666666,4.925,0.0439560439560439,9796
17.5,3.85,0.0032608695652173,10619
5.4,8.425,5.030612244897966,5369
-2.3666666666666667,4.4,0.1455555555555556,5974
4.966666666666666,1.875,0.0117647058823529,6821
8.166666666666666,3.675,0.4023255813953488,4723
5.866666666666667,7.674999999999999,1.9446808510638312,6364
1.8333333333333333,2.2,0.0057471264367816,7409
4.333333333333333,4.425000000000001,0.1086021505376344,7485
1.9,6.125,0.0034482758620689,6427
1.366666666666667,1.675,0.0,7282
6.900000000000001,2.4,0.0,10726
15.633333333333333,3.975,0.0933333333333333,12350
13.066666666666668,3.05,0.0,10058
8.633333333333333,3.1,0.0,8815
10.4,2.2,0.0348314606741573,9659
15.1,3.25,0.381111111111111,11744
17.2,4.1000000000000005,0.0,12959
16.8,5.824999999999999,0.628235294117647,8174
5.8,4.625,5.102105263157898,6339
4.7,2.2,0.0107142857142857,8264
11.566666666666668,1.7999999999999998,1.108433734939759,7828
16.500000000000004,6.25,8.047474747474745,8977
11.166666666666666,8.075,1.3989690721649477,8134
3.333333333333333,6.050000000000001,0.2522222222222223,6741
0.0666666666666666,4.625,0.028395061728395,5283
-1.1,2.625,0.0,4999
3.266666666666666,2.4250000000000003,0.0,8583
12.033333333333331,3.675,0.484090909090909,8383
14.366666666666664,5.55,2.8364583333333364,10971
15.066666666666668,4.05,0.0197674418604651,12406
8.066666666666666,6.6,0.5011904761904762,5998
-0.5333333333333333,6.075,2.230337078651685,5116
-0.4000000000000001,4.15,0.0037037037037037,4621
0.1,3.775,1.5831325301204815,6470
0.4000000000000001,8.475,29.91976744186045,1583
-3.4333333333333336,8.575,2.769512195121953,3359
-0.5333333333333333,5.225,0.0,5179
2.6333333333333333,2.8,0.0244186046511627,7207
6.966666666666666,3.425,1.3999999999999992,8245
5.6000000000000005,5.074999999999999,11.370212765957444,5689
6.766666666666667,2.325,0.3289156626506025,9303
10.6,2.625,0.3632183908045979,10612
9.166666666666666,6.525,0.0037037037037037,8313
2.5,2.875,0.0,8616
6.133333333333333,4.4750000000000005,0.2683544303797469,9086
17.8,3.4,1.2069767441860455,16191
11.233333333333334,4.75,0.0390243902439024,6621
11.733333333333334,1.925,0.7543478260869559,11367
16.633333333333333,2.775,1.7764044943820227,10444
15.366666666666667,4.3500000000000005,3.0566666666666675,12789
9.866666666666664,3.8,0.0320987654320987,10324
8.299999999999999,3.75,6.821739130434783,3793
10.033333333333331,5.55,24.29473684210527,10321
11.133333333333333,3.025,0.0329411764705882,13714
12.966666666666669,4.4,0.2749999999999999,10868
18.7,5.275,2.667000000000002,12666
18.53333333333333,3.725,0.1423913043478261,13545
14.033333333333331,4.4,4.921874999999999,6353
8.733333333333333,7.699999999999999,29.82673267326733,7596
8.733333333333334,4.35,0.1393258426966292,12508
12.433333333333332,2.75,0.0,15133
16.633333333333333,3.5,0.0,13742
21.4,3.333333333333333,0.0,15371
20.9,3.1750000000000003,0.044047619047619,14088
16.966666666666665,2.6,0.1163043478260869,15434
14.933333333333332,2.275,0.0,16038
16.53333333333333,2.8,0.2573170731707317,16896
22.8,4.0,1.235869565217391,13129
20.33333333333333,2.475,0.5010752688172042,10278
16.766666666666666,3.125,2.461052631578948,13752
13.433333333333332,3.5666666666666664,0.1505747126436782,11693
18.166666666666668,3.1333333333333333,0.7510869565217387,12273
19.9,2.325,6.658823529411763,13541
15.4,3.5250000000000004,5.100000000000001,4485
11.533333333333331,2.675,7.249484536082477,10744
12.433333333333332,4.55,1.2443298969072156,5684
13.066666666666668,5.35,6.721276595744686,7966
16.133333333333336,2.45,7.549999999999996,11969
19.0,3.225,0.190909090909091,13787
23.100000000000005,2.775,0.2696629213483147,14391
24.96666666666667,2.95,0.0865853658536585,14412
24.46666666666667,3.675,0.0512195121951219,13613
22.73333333333333,5.425,0.1842696629213483,10982
22.33333333333333,4.625,0.8081632653061217,13312
16.633333333333336,4.675,0.0,12931
13.933333333333332,5.1,0.4588888888888889,11851
17.233333333333334,5.424999999999999,21.681,7263
15.066666666666668,4.275,23.166666666666668,5842
11.533333333333331,4.65,1.9720000000000004,9613
12.0,3.65,0.1846153846153847,11412
12.0,2.425,0.0034482758620689,12369
14.4,1.95,0.0,13529
14.1,3.375,4.255434782608696,3647
11.833333333333334,3.5,22.739999999999995,7213
11.2,4.225,22.072,8177
15.4,4.4750000000000005,0.5284210526315786,12866
17.733333333333334,5.025,0.0399999999999999,12580
18.6,2.25,0.0,13640
23.2,2.825,0.0,12779
26.7,3.625,0.3732558139534884,12404
25.7,3.125,2.439130434782609,13427
20.7,4.275,8.673469387755102,13795
16.633333333333333,3.5,0.0179775280898876,11101
17.099999999999998,1.55,5.787755102040818,9106
17.266666666666666,2.6,4.744791666666671,10522
16.133333333333333,3.8,6.9715686274509805,11942
16.833333333333332,3.775,14.447115384615389,6714
18.133333333333333,4.4750000000000005,10.71,13591
18.5,1.35,0.1600000000000001,11475
18.73333333333333,2.475,1.09891304347826,10188
20.566666666666663,2.7,4.6765306122449,12931
18.73333333333333,3.55,0.845454545454545,10303
20.73333333333333,2.125,6.840206185567012,12172
21.3,3.175,2.698039215686276,13655
21.266666666666666,3.233333333333333,0.0032608695652173,14110
21.03333333333333,2.825,0.0032967032967032,13898
22.1,3.2,0.0053191489361702,12634
22.666666666666668,2.025,0.3968085106382979,10640
21.133333333333336,4.025,2.780769230769233,14139
17.533333333333335,3.3,0.1203883495145631,12562
17.03333333333333,2.35,0.1224489795918367,13952
20.1,2.775,0.0,14575
23.566666666666663,2.8,0.0,14677
26.73333333333333,2.6,0.0,11835
27.666666666666668,2.35,0.0,12305
28.46666666666667,2.55,0.0,12534
28.33333333333333,3.7,0.0602150537634408,13207
25.133333333333336,3.325,0.4138297872340425,13843
23.766666666666666,1.85,0.3183673469387755,12465
24.933333333333334,3.175,2.492523364485983,13193
27.23333333333333,5.225,0.2288659793814433,11161
27.433333333333334,4.9,2.75,9423
24.8,3.5,14.67657657657658,13977
25.63333333333333,2.85,0.0172043010752688,14010
26.3,2.175,0.0655913978494623,13499
26.433333333333334,5.025,3.6264705882352977,12518
27.266666666666666,4.225,6.530476190476188,14321
24.933333333333337,3.35,0.017391304347826,13621
23.166666666666668,3.275,0.0,14392
22.933333333333337,3.133333333333333,0.1053191489361702,15015
20.966666666666665,2.5,0.2278350515463917,14893
24.066666666666663,4.466666666666667,0.0,13945
27.4,4.9,0.0,13752
27.3,3.7,2.773626373626373,11409
27.05,2.5,7.997999999999997,13583
26.950000000000003,2.275,0.4576086956521737,15293
26.25,1.975,1.8295454545454544,15403
25.1,3.475,6.683673469387752,10587
23.25,3.25,20.528125000000003,7357
25.25,3.0,21.77052631578946,13981
25.3,3.625,1.6431578947368422,15517
23.25,2.55,0.0032967032967032,15302
24.55,3.0,0.0098901098901098,12919
26.65,2.6500000000000004,0.0065934065934065,13676
27.55,2.325,0.0505376344086021,13485
28.9,3.0,0.0395604395604395,12659
28.15,2.4,1.6043478260869564,10312
25.950000000000003,3.3,8.85700934579439,14469
24.7,2.1,0.0,13584
26.2,2.725,0.160919540229885,12478
26.6,2.4250000000000003,3.319791666666668,12922
27.55,2.075,2.653535353535354,13166
29.3,2.325,0.4255102040816327,12673
29.55,2.25,0.3150537634408602,12939
27.5,2.55,2.3147368421052628,10028
25.25,2.325,19.72090909090909,11050
26.15,2.775,24.051376146788986,12519
23.65,3.925,2.185714285714288,14974
22.3,2.9000000000000004,0.0393617021276595,15549
24.75,2.75,0.0627659574468085,14652
24.0,3.075,9.29207920792079,5726
21.2,5.324999999999999,89.52905982905983,9765
21.7,2.85,2.1121495327102813,15767
22.65,1.4333333333333331,0.012087912087912,13936
24.55,1.95,0.0606382978723404,12402
25.05,2.35,3.3000000000000003,14079
24.15,2.375,4.340594059405941,12796
24.65,3.85,6.663888888888888,14288
24.15,4.525,0.1989130434782609,16346
20.9,1.825,0.0,14159
21.65,2.45,6.778095238095237,5895
22.05,2.675,20.599056603773583,14742
21.5,1.575,0.0343749999999999,14962
21.65,1.7666666666666668,0.0,14779
22.75,2.4,2.0852631578947367,12389
23.35,1.5,21.16698113207548,11692
23.0,2.4,16.257843137254895,14146
21.55,1.1333333333333333,0.0499999999999999,13180
23.25,1.35,2.1584158415841586,9953
24.6,1.65,12.861320754716983,13577
25.200000000000003,2.75,0.8358695652173912,13301
26.9,3.275,5.129166666666667,11403
26.35,2.45,15.339583333333325,13442
24.0,2.175,1.074117647058823,12643
24.85,2.5,0.5740259740259741,12271
26.3,3.65,2.2797752808988765,12603
26.25,2.875,0.3258823529411765,14061
22.3,2.3,0.0477272727272727,14134
21.05,2.475,2.2077669902912644,14882
20.9,2.125,0.0032608695652173,14679
19.85,2.75,0.0032258064516129,13356
19.25,4.225,0.0032967032967032,13129
18.55,4.325,7.85,4620
19.35,2.4,15.668807339449534,14714
21.8,2.475,0.0247311827956989,13911
18.55,3.575,0.121875,13176
15.15,3.55,9.13877551020408,4175
18.85,2.6750000000000003,11.144,15371
20.05,3.1,0.1054945054945055,13580
23.5,3.275,2.240659340659341,11359
18.450000000000003,2.55,13.206363636363635,5996
17.15,3.2,12.570535714285722,14050
16.6,2.45,0.0242105263157894,14691
16.700000000000003,3.2749999999999995,0.0034090909090909,14762
16.0,3.025,0.0,13009
16.200000000000003,1.7999999999999998,0.0,13401
18.5,1.35,0.0382978723404255,14497
20.25,1.75,1.5188118811881186,11920
21.85,2.0250000000000004,1.6281553398058268,13219
22.4,1.7333333333333334,0.8768421052631574,14604
22.05,1.1,0.0112359550561797,15297
22.25,1.575,0.0033707865168539,13169
21.25,3.125,0.0223404255319148,13034
22.6,4.05,0.1041237113402061,14045
23.8,2.825,0.0228260869565217,13720
22.5,1.775,0.0031578947368421,13481
22.75,1.95,0.0032258064516129,14040
21.950000000000003,2.025,0.0032258064516129,13484
23.1,1.725,0.0032608695652173,11973
24.15,1.7499999999999998,0.0031914893617021,12653
23.9,2.9250000000000003,0.0,13457
25.45,3.55,0.0,13281
23.8,5.175,0.0,14376
17.55,2.275,0.0,14530
16.0,5.574999999999999,0.0,13021
13.7,1.95,0.0,12002
13.7,1.1,0.0032258064516129,12700
15.0,1.875,0.0031578947368421,13484
16.549999999999997,2.225,0.0031249999999999,13744
19.200000000000003,2.025,0.0030927835051546,13892
21.65,1.775,0.0,14985
22.200000000000003,3.825,0.0,15477
24.85,3.633333333333333,0.3822222222222222,10404
24.9,3.45,10.37227722772277,9030
24.0,1.3,7.757142857142858,13153
22.5,3.625,1.2789473684210524,10374
17.8,5.275,13.611650485436892,11730
15.8,3.3,0.5049999999999998,12369
17.5,1.975,0.6089999999999998,13815
19.1,3.575,0.2421052631578948,12328
17.549999999999997,4.925,2.750476190476193,11805
10.5,2.1,0.1175257731958763,12286
11.15,1.5499999999999998,0.0031578947368421,13005
12.75,1.8000000000000005,0.0,13314
15.35,2.0,0.0032608695652173,14247
14.5,0.925,0.0032967032967032,14464
14.8,1.775,0.0032967032967032,13384
17.8,4.425,0.1873684210526316,12602
19.4,4.15,5.903571428571428,13149
14.15,3.1500000000000004,0.025531914893617,12821
10.85,4.075,0.0180851063829787,11768
9.25,2.525,0.0,13149
14.6,4.025,0.0,13021
16.5,5.025,7.256730769230771,4591
9.55,5.9,25.38173076923077,10155
9.25,2.15,0.0287234042553191,11585
8.5,2.075,0.0,10859
14.35,2.325,0.0777777777777777,12925
17.5,2.9,0.0030927835051546,13777
12.3,3.1,1.488505747126437,9278
12.3,2.533333333333333,15.238095238095235,5886
17.2,4.066666666666666,1.0113402061855663,11016
8.600000000000001,4.4,4.028260869565218,5112
5.8,3.7,23.88285714285714,9254
7.65,1.866666666666667,0.5824175824175822,9601
5.95,5.566666666666666,0.8602040816326525,6755
-1.1,2.1,0.0134831460674157,5494
0.95,1.0666666666666669,0.0444444444444444,5697
5.6,2.45,4.197247706422025,9060
5.55,2.925,0.031578947368421,9494
5.3,1.825,0.0063829787234042,9785
9.8,4.65,0.2141414141414142,10200
6.95,3.1,0.0033707865168539,9541
6.1,4.675000000000001,0.0846153846153846,7755
11.5,7.25,3.740776699029131,5911
5.7,3.925,0.0122222222222222,8635
7.050000000000001,3.85,0.0064516129032258,9378
10.75,4.975,0.6734693877551018,7208
2.0,1.85,0.0065934065934065,3107
2.5,1.8,0.0,5383
5.9,1.825,0.0068965517241379,7177
9.0,3.1500000000000004,0.0,5243
7.1,2.475,0.0,9000
6.95,2.45,0.0032608695652173,9676
10.55,2.6250000000000004,0.0033333333333333,10159
6.800000000000001,2.1,0.0608695652173912,10168
9.466666666666669,2.5,0.4235849056603771,9659
4.333333333333333,1.05,0.0067415730337078,7560
6.7,1.525,0.8320388349514554,6709
4.833333333333333,1.5500000000000005,0.2422680412371134,8885
9.633333333333333,2.9250000000000003,0.4712765957446808,8292
8.666666666666666,4.15,3.0783018867924548,8541
5.5,2.966666666666667,0.0032608695652173,8721
3.333333333333333,1.7,0.0063829787234042,7881
1.2666666666666666,2.333333333333333,0.6061855670103092,2346
0.4333333333333333,3.0,5.125000000000005,4151
3.533333333333333,2.6333333333333333,0.0,7871
5.2,5.6,0.0,7725
-3.0,5.875,0.008695652173913,5854
1.866666666666667,4.8,0.0576086956521739,7092
-1.8666666666666665,1.925,0.2581395348837209,4965
-0.1666666666666666,2.95,0.8897959183673463,5184
2.533333333333333,1.125,0.0175824175824175,5141
6.766666666666666,1.275,0.1031578947368421,8978
9.2,2.15,0.0,9920
9.166666666666666,3.125,0.0,8336
1.8666666666666665,1.35,0.0032967032967032,7004
4.666666666666667,1.975,0.0068965517241379,6159
10.6,4.550000000000001,2.210101010101011,2464
6.066666666666666,3.4000000000000004,5.494949494949499,2041
2.066666666666667,6.1,0.3865168539325843,1041
-0.7666666666666666,3.125,0.0,2789
-1.5666666666666664,4.675,0.0,3321
-7.399999999999999,4.05,0.0037037037037037,2866
-6.3,2.5,0.0,3088
-4.266666666666667,3.2,1.0967032967032957,1876
-6.8,4.775,0.0038461538461538,1437
-9.133333333333336,4.275,0.0,1213
-8.766666666666666,3.475,0.008695652173913,3792
-7.466666666666666,1.725,0.0,4748
-3.866666666666667,8.925,1.9239583333333328,2368
-9.366666666666667,7.35,0.167741935483871,2709
-10.366666666666664,6.325,0.0,1489
-10.5,2.775,0.0,1753
-4.9,2.725,0.2153846153846154,4080
2.433333333333333,1.75,1.3126315789473677,6124
0.6,1.3,0.0053763440860215,7101
7.8,2.0250000000000004,0.0244444444444444,8210
15.533333333333331,4.65,5.387000000000004,5850
6.5,7.825,14.470707070707071,3378
-6.066666666666666,4.75,0.0170454545454545,2340
-5.933333333333334,2.175,0.0472527472527472,3323
-0.5,1.175,0.0222222222222222,6836
-2.0,5.625,1.429126213592233,4108
-2.9666666666666663,3.825,0.0569892473118279,6197
1.9666666666666668,1.925,0.0,7604
3.8333333333333335,2.025,0.0,8033
6.199999999999999,1.725,0.0,6542
11.5,3.0,0.0085106382978723,9385
13.066666666666668,5.0,2.588785046728974,8200
6.433333333333333,5.25,0.6554455445544551,7728
1.7666666666666666,3.7,0.0,7096
0.3,1.925,0.0,7294
6.333333333333333,4.625,0.0,8707
11.366666666666667,2.6,2.3918367346938783,2867
7.433333333333334,3.95,3.558252427184468,7265
1.7666666666666666,6.575,0.2200000000000001,5863
-3.5666666666666664,3.8,0.0,6387
5.3,3.925,0.1934782608695652,7732
1.6333333333333335,6.525,2.3480000000000016,5199
-5.366666666666667,3.5250000000000004,0.0,3794
0.3999999999999999,2.825,3.8056818181818177,1428
0.5333333333333333,3.925,24.906060606060617,5895
-0.7333333333333334,2.0,0.0,6856
0.3666666666666667,3.0,2.151063829787234,4239
0.1333333333333333,4.125,9.887500000000005,6525
-0.4000000000000001,2.475,0.0,7013
4.533333333333333,1.6,2.64,2097
10.766666666666666,2.825,42.20219780219781,3336
11.033333333333331,4.9,9.529032258064516,6857
2.2,2.95,0.996703296703296,7235
4.066666666666666,2.6,0.2402173913043479,8040
12.4,3.725,1.5178217821782178,9759
16.066666666666666,4.425,3.202083333333336,6922
2.966666666666667,2.775,2.4810526315789483,3121
3.2999999999999994,2.0500000000000003,12.529787234042557,6957
4.633333333333333,2.525,0.50561797752809,4581
14.266666666666666,4.9,0.3673913043478261,10989
19.366666666666664,4.5,0.0302325581395348,11806
14.4,4.8,0.4655913978494623,7294
5.766666666666666,2.1,3.530392156862749,6881
8.766666666666667,2.4,2.371276595744681,5407
9.133333333333333,1.5500000000000005,6.421875000000001,4554
9.6,2.125,3.1442105263157925,8465
6.599999999999999,2.325,0.0188888888888888,9686
9.8,3.825,0.0056818181818181,9710
10.7,1.65,0.6988764044943819,7814
7.066666666666666,12.75,5.2061224489795945,3167
5.366666666666667,8.925,0.1329545454545455,5714
5.266666666666667,6.375,0.0,6513
3.7,5.0,0.0,7699
2.6666666666666665,2.8000000000000003,0.5417582417582416,7143
3.3666666666666667,4.775,7.804166666666666,6613
3.4,5.025,0.7758241758241753,7777
2.3000000000000003,5.6,0.0202247191011235,7235
2.6,2.8000000000000003,0.0,8295
3.6,1.9,0.0,7744
2.8000000000000003,4.574999999999999,0.0213483146067415,7286
2.8666666666666667,6.5,0.423157894736842,7444
1.9,7.0,0.0,6866
4.066666666666666,4.5,0.0066666666666666,8491
3.466666666666667,5.35,0.0,7333
2.2,2.6,0.0053763440860215,5645
5.633333333333334,2.85,0.0680851063829787,9543
6.566666666666667,2.525,0.0,9559
3.333333333333333,5.4,5.794791666666669,2140
-0.0333333333333333,5.25,21.99673913043478,1298
3.0,6.275,11.722471910112365,6628
4.666666666666667,5.9,0.0,8522
4.433333333333333,2.75,0.0,10146
3.5,4.425,0.0,6847
3.9333333333333336,3.325,0.0565217391304347,9475
3.4666666666666663,2.575,0.068235294117647,7976
7.5,1.525,1.2244444444444436,7416
12.933333333333332,2.966666666666667,2.0720430107526893,13682
18.566666666666663,6.5,0.3850000000000001,11113
8.933333333333332,4.275,1.3855555555555543,15874
12.2,3.2999999999999994,0.0270588235294117,10468
8.166666666666666,3.85,2.1557894736842123,9402
7.566666666666666,3.1,0.2540229885057473,9226
12.333333333333334,7.275,0.954255319148936,9909
6.033333333333334,4.7250000000000005,0.3565217391304349,11740
10.966666666666669,4.9,0.0329670329670329,14930
9.733333333333333,4.85,0.034065934065934,7581
4.766666666666667,5.125,0.0086021505376344,10159
4.6,2.35,0.0155555555555555,8046
6.6000000000000005,3.5,0.3397959183673471,10508
7.899999999999999,2.5,0.0032608695652173,11163
13.433333333333332,5.125,0.0,13086
22.23333333333333,5.525,0.0,16096
23.700000000000003,5.275,0.0,19113
15.566666666666668,6.35,0.7901098901098902,4855
10.366666666666667,5.800000000000001,47.60092592592593,6521
6.366666666666667,5.55,3.415384615384617,8999
7.599999999999999,3.1500000000000004,0.0032967032967032,11395
10.833333333333334,5.574999999999999,0.0869565217391304,8692
7.933333333333333,4.825,0.6152173913043475,11567
9.866666666666667,1.925,0.0,14040
12.8,2.875,0.0,13002
14.2,3.1250000000000004,0.0033333333333333,11816
13.966666666666669,5.025,1.5775280898876405,7077
14.2,3.05,20.21456310679611,9174
15.266666666666666,4.025,2.075789473684212,13941
14.533333333333331,2.35,17.83523809523809,10326
15.466666666666669,3.75,1.359793814432989,14901
11.033333333333331,6.025,0.4757894736842102,8840
11.666666666666666,4.5,0.0033707865168539,12334
17.766666666666666,2.45,0.0,14127
21.700000000000003,2.875,0.0,13932
24.96666666666667,3.875,0.0,14163
25.96666666666667,3.675,0.0482758620689655,14120
21.666666666666668,2.85,0.7505263157894732,12252
16.500000000000004,3.125,1.0374999999999992,11412
17.900000000000002,2.925,0.1076923076923077,13822
18.73333333333333,2.6750000000000003,0.0032608695652173,13857
18.7,2.025,0.0,14057
20.266666666666666,3.2,0.046067415730337,13048
21.73333333333333,2.525,0.4990099009900987,15029
22.8,3.375,0.2215909090909091,14227
19.2,3.2,12.518181818181825,8256
18.73333333333333,2.4000000000000004,8.104123711340206,10859
23.23333333333333,4.575,21.698130841121507,12454
21.166666666666668,2.575,19.95871559633028,6976
19.03333333333333,3.1499999999999995,22.97363636363638,4795
18.53333333333333,5.4,31.51272727272728,4776
14.933333333333332,2.7,33.6981981981982,6798
23.933333333333334,3.075,3.811214953271032,14080
23.166666666666668,2.9000000000000004,0.0929292929292929,14627
20.5,2.5,2.1069306930693066,8627
22.7,3.8,15.081081081081075,14568
22.399999999999995,2.2,0.0061855670103092,14468
22.766666666666666,3.35,0.0032967032967032,14825
25.9,2.825,0.3161290322580645,12614
24.633333333333336,3.075,3.638613861386141,12974
19.266666666666666,2.675,13.95841584158415,12138
22.6,1.275,0.2357142857142858,13341
23.3,3.35,0.0704545454545454,12763
22.8,2.975,4.854000000000003,10130
24.633333333333336,2.075,27.18504672897197,14017
24.53333333333333,2.325,3.765686274509807,11168
19.73333333333333,5.0,13.366019417475725,2103
17.233333333333334,3.125,43.89909090909092,14763
20.633333333333336,3.8,0.0887755102040816,14145
19.566666666666663,3.5250000000000004,0.591089108910891,14901
19.96666666666667,2.425,0.0031249999999999,15706
22.3,2.125,0.2568421052631578,15558
24.399999999999995,1.775,1.2927083333333331,13709
22.366666666666664,3.35,5.482407407407409,11942
17.26666666666667,3.525,17.330275229357795,10811
18.3,2.95,0.6970588235294112,15818
22.8,3.35,0.0068181818181818,14727
25.8,4.475,0.0,15372
23.566666666666663,2.95,0.0,15817
22.8,1.825,0.0,15185
25.9,1.65,0.0,12063
27.433333333333337,2.55,0.0744186046511627,12555
28.133333333333336,2.875,1.4219780219780214,12035
24.9,1.825,11.831067961165044,11961
24.1,2.275,6.86372549019608,13896
21.96666666666667,4.325,2.506122448979593,6538
20.96666666666667,1.775,8.676595744680847,11190
24.6,2.1,3.596629213483148,12565
24.133333333333336,3.4,3.2279569892473137,14147
22.566666666666663,3.225,0.0304878048780487,14774
22.933333333333334,3.875,0.0821428571428571,12917
26.5,3.375,0.9967741935483868,14836
27.03333333333333,2.225,0.0,14037
27.5,1.95,0.0,13082
28.1,2.375,0.0209302325581395,10461
29.23333333333333,2.35,0.0,11842
30.3,1.9,0.3760869565217391,12794
28.96666666666667,2.4,0.7530612244897957,14685
28.7,3.075,0.0505263157894736,14224
27.76666666666667,3.375,1.1437499999999998,14305
23.866666666666664,4.4750000000000005,0.3191489361702128,17066
22.3,2.725,0.0,14947
23.53333333333333,1.85,0.0,14306
26.83333333333333,2.375,0.0,13539
28.433333333333334,3.325,0.0,14334
26.46666666666667,3.25,0.0,14896
25.166666666666668,2.5,0.0,15250
25.766666666666666,3.2,0.0,15755
26.133333333333336,2.325,0.1106382978723404,13110
27.0,2.25,1.0549019607843133,13139
26.4,2.675,7.22452830188679,11947
25.23333333333333,3.45,17.265178571428567,15324
24.7,2.475,0.0484536082474226,15212
24.53333333333333,3.225,0.0,16013
21.96666666666667,5.4,15.526595744680847,2794
21.133333333333333,2.6,110.17699115044248,8226
25.066666666666663,4.5,33.86936936936938,10361
24.83333333333333,4.375,23.322522522522508,7580
24.633333333333336,2.9,19.812389380530973,9661
25.26666666666667,2.175,17.49385964912281,14840
25.966666666666665,1.9,1.135353535353535,13532
24.9,2.45,2.822608695652176,16009
24.3,1.925,0.1181818181818181,14888
23.133333333333336,3.0,1.9656565656565657,10235
23.5,2.775,10.200892857142856,13486
26.23333333333333,4.025,21.5119266055046,14199
25.200000000000003,2.625,9.297196261682243,11858
24.666666666666668,3.2750000000000004,13.321296296296287,11332
25.666666666666668,2.275,10.850485436893198,15011
26.666666666666668,1.825,0.058695652173913,12928
26.96666666666667,1.975,0.8252873563218389,13060
27.03333333333333,1.875,2.206666666666667,12663
26.9,2.15,3.7591397849462376,13542
27.3,2.6250000000000004,0.5258064516129032,14265
27.33333333333333,2.175,0.0195652173913043,13938
27.03333333333333,1.95,0.0528735632183908,12477
24.8,2.05,3.714893617021277,10002
24.23333333333333,2.375,5.883838383838384,12803
23.566666666666663,3.225,5.1425742574257445,14410
25.866666666666664,2.45,0.6602150537634406,14492
26.7,1.9,0.0097826086956521,13821
27.600000000000005,2.6250000000000004,0.1461538461538461,12734
25.933333333333334,2.4,2.473958333333334,13975
24.73333333333333,3.5,0.0467391304347826,12820
23.066666666666663,3.8,0.148936170212766,13152
24.266666666666666,3.9,6.019801980198019,9760
24.366666666666664,2.825,40.0045871559633,14099
22.03333333333333,3.625,0.8269999999999998,15181
21.566666666666663,1.625,0.0063157894736842,14903
21.933333333333334,1.5750000000000002,0.0,14660
23.53333333333333,2.5,0.0,12420
27.0,1.725,0.0,11904
28.6,1.925,0.0263157894736842,12146
29.166666666666668,2.45,0.046938775510204,11918
28.46666666666667,2.2750000000000004,0.5886597938144329,11790
26.933333333333334,3.05,5.912844036697249,11603
25.066666666666663,3.375,16.390384615384612,10832
26.03333333333333,1.525,11.12842105263158,14231
28.03333333333333,1.65,0.0260869565217391,10806
28.6,1.175,0.4785714285714285,10925
28.3,1.525,1.358,12560
28.7,2.225,0.106,12686
27.066666666666663,2.425,4.1079207920792085,9417
21.5,4.324999999999999,24.42407407407408,7946
16.866666666666664,6.124999999999999,26.475700934579443,2800
18.666666666666668,3.75,25.566363636363644,9968
21.433333333333334,2.775,2.3376146788990844,12104
23.23333333333333,1.95,2.200952380952381,12382
24.166666666666668,4.15,7.450961538461541,12581
23.23333333333333,4.85,0.6575471698113202,12864
23.33333333333333,3.575,0.4834951456310677,13341
22.8,3.55,0.1909090909090909,11908
23.83333333333333,4.175000000000001,2.608653846153845,6944
24.96666666666667,3.125,30.84954128440369,10625
24.866666666666664,2.85,5.35904761904762,13700
23.066666666666663,3.0,0.01875,13619
22.166666666666668,3.7,0.145,12714
23.0,3.525,3.37619047619048,13825
16.666666666666668,3.4,8.676699029126214,2786
17.633333333333333,4.833333333333333,22.084313725490208,6331
21.1,2.1,13.325925925925928,10275
24.566666666666663,3.2,2.832380952380956,11200
18.8,3.733333333333333,12.865094339622638,6755
17.46666666666667,2.1666666666666665,30.523529411764702,13009
19.8,2.233333333333333,0.0533333333333333,14601
18.866666666666667,1.7999999999999998,0.0063157894736842,12065
21.1,2.625,0.0082474226804123,12509
22.8,2.85,0.0051020408163265,13643
24.133333333333336,1.9,0.0030612244897959,13730
23.6,2.0,0.5067961165048543,13299
21.46666666666667,3.25,5.730909090909088,13573
20.03333333333333,1.6,0.0989583333333333,13301
23.366666666666664,1.775,0.0032608695652173,13534
23.866666666666664,2.0,0.0148936170212765,12365
23.933333333333337,2.1,0.0817204301075268,12249
24.0,2.6750000000000003,0.1860215053763441,13073
24.5,3.8,7.267289719626171,6972
17.333333333333332,5.575,37.88035714285714,13221
12.266666666666666,3.275,2.065048543689323,11290
10.3,1.15,0.4208333333333332,8039
15.8,3.75,3.7683168316831694,8521
15.699999999999998,3.375,2.4175925925925945,11741
14.1,3.875,0.0363636363636363,12643
11.366666666666667,3.425,0.0,11579
9.666666666666666,2.975,0.0404255319148936,11960
14.866666666666667,3.4333333333333336,2.086734693877552,11390
10.366666666666667,6.324999999999999,0.737894736842105,7706
6.966666666666666,2.825,0.0031914893617021,10201
12.533333333333331,3.1,0.0,11732
10.566666666666666,4.475,0.0,11001
7.2,2.325,0.0,10340
7.566666666666667,3.4,2.1040404040404046,7480
9.666666666666666,4.625,28.83173076923076,4724
11.0,2.95,5.627000000000005,8580
11.866666666666667,3.875,0.647474747474747,9866
9.9,2.175,0.1489583333333334,11364
11.566666666666668,2.2750000000000004,0.0,11395
16.8,4.25,0.0,12432
20.633333333333333,4.4750000000000005,3.277227722772278,10105
12.9,4.475,23.329203539823013,9284
8.066666666666666,2.175,0.138,9084
11.366666666666667,3.35,12.486363636363633,4399
13.033333333333331,2.55,23.58425925925925,6023
12.4,1.75,16.312037037037037,9918
12.233333333333334,3.35,0.233,10420
8.833333333333334,3.175,2.030769230769231,5430
6.466666666666666,5.4,10.88773584905661,6082
2.433333333333333,1.825,0.0119565217391304,6320
3.766666666666667,1.425,1.4943181818181814,5446
7.133333333333333,4.375,24.26666666666668,6864
5.133333333333334,4.2,0.2833333333333335,8049
2.1333333333333333,5.675000000000001,5.423000000000002,2155
4.833333333333334,4.75,29.94000000000001,7702
6.4,2.725,0.0221052631578947,7163
4.1000000000000005,1.325,0.0032608695652173,6452
7.366666666666667,1.5,0.0,9074
8.9,4.025,0.0865979381443299,8354
5.1000000000000005,3.9,0.0,6745
1.0666666666666669,4.975,0.0,1933
-1.7,2.675,0.0031914893617021,2751
2.333333333333333,3.325,5.46808510638298,1499
7.7,2.2,36.464077669902935,6287
8.9,3.775,1.244565217391304,5809
4.766666666666667,6.800000000000001,7.493269230769229,6611
1.7000000000000002,8.1,0.0085106382978723,6140
0.8666666666666666,3.45,0.0,6829
3.533333333333333,1.6,0.0361702127659574,7016
3.5333333333333337,1.4666666666666668,0.805208333333333,6470
8.133333333333333,2.333333333333333,8.268932038834949,9666
12.199999999999998,4.6000000000000005,0.2495049504950496,16354
5.733333333333333,4.133333333333334,0.0030612244897959,9479
1.2,2.6,0.0,6506
1.9666666666666668,3.4,0.0,6952
3.0,3.5333333333333337,0.0,6566
-0.9,2.5,0.0,4420
-0.1999999999999999,3.0,0.0663043478260869,3547
0.3666666666666667,3.633333333333333,0.3936842105263157,6105
-0.1,1.8,0.0,6995
2.3666666666666667,2.0,0.0,7574
5.199999999999999,1.4,0.0,8205
5.233333333333333,1.7999999999999998,0.7041237113402061,6416
9.233333333333334,4.866666666666666,20.029411764705888,1208
7.900000000000001,4.633333333333333,58.7009708737864,2363
7.466666666666666,4.633333333333333,6.1543689320388335,7772
5.033333333333334,4.366666666666667,0.021875,7514
2.0666666666666664,1.866666666666667,0.0,7466
2.833333333333333,2.5,1.1714285714285717,4399
14.633333333333336,4.866666666666666,16.065740740740747,5696
8.666666666666666,6.633333333333333,4.07352941176471,3710
4.7,1.8666666666666665,0.0833333333333333,3270
5.666666666666667,4.333333333333333,0.5354838709677414,2492
3.333333333333333,2.233333333333334,0.0,1744
1.3,1.5,0.0,3752
3.5,2.1,0.0240963855421686,5430
8.233333333333333,2.0,16.843820224719106,2125
9.5,3.6666666666666665,11.550574712643684,6008
4.8,1.2,0.1046511627906977,4929
4.166666666666667,1.4666666666666668,2.088235294117647,2401
