school,sex,paid,activities,famrel,freetime,goout,Dalc,Walc,health,absences,grade
1.0,0.0,0.0,0.0,4.0,3.0,4.0,1.0,1.0,3.0,6.0,6.0
1.0,0.0,0.0,0.0,5.0,3.0,3.0,1.0,1.0,3.0,4.0,5.0
1.0,0.0,1.0,0.0,4.0,3.0,2.0,2.0,3.0,3.0,10.0,8.0
1.0,0.0,1.0,1.0,3.0,2.0,2.0,1.0,1.0,5.0,2.0,15.0
1.0,0.0,1.0,0.0,4.0,3.0,2.0,1.0,2.0,5.0,4.0,9.0
1.0,1.0,1.0,1.0,5.0,4.0,2.0,1.0,2.0,5.0,10.0,15.0
1.0,1.0,0.0,0.0,4.0,4.0,4.0,1.0,1.0,3.0,0.0,12.0
1.0,0.0,0.0,0.0,4.0,1.0,4.0,1.0,1.0,1.0,6.0,6.0
1.0,1.0,1.0,0.0,4.0,2.0,2.0,1.0,1.0,1.0,0.0,18.0
1.0,1.0,1.0,1.0,5.0,5.0,2.2,1.0,1.0,5.0,0.0,15.0
1.0,0.0,1.0,0.0,3.0,3.0,3.0,1.0,2.0,2.0,0.0,9.0
1.0,0.0,0.0,1.0,5.0,2.0,2.0,1.0,1.0,4.0,4.0,11.0
1.0,1.0,1.0,1.0,4.0,3.0,3.0,1.0,3.0,5.0,2.0,14.0
1.0,1.0,1.0,0.0,5.0,4.0,3.0,1.0,2.0,3.0,2.0,10.0
1.0,1.0,0.0,0.0,4.4,5.0,2.0,1.0,1.0,3.0,0.0,15.0
1.0,0.0,0.0,0.0,4.0,4.0,4.0,1.0,2.0,2.0,6.0,14.0
1.0,0.0,1.0,1.0,3.0,2.0,3.0,1.0,2.0,2.0,6.0,14.0
1.0,0.0,0.0,1.0,5.0,3.0,2.0,1.0,1.0,4.0,4.0,9.0
1.0,1.0,0.0,1.0,5.0,5.0,5.0,2.0,4.0,5.0,16.0,5.0
1.0,1.0,1.0,1.0,3.0,1.0,3.0,1.0,3.0,5.0,4.0,9.0
1.0,1.0,0.0,0.0,4.0,4.0,1.0,1.0,1.0,1.0,0.0,14.0
1.0,1.0,1.0,0.0,5.0,4.0,2.0,1.0,1.0,5.0,0.0,14.0
1.0,1.0,0.0,1.0,4.0,5.0,1.0,1.0,3.0,5.0,2.0,15.0
1.0,1.0,0.0,1.0,5.0,4.0,4.0,2.0,4.0,5.0,0.0,13.0
1.0,0.0,1.0,1.0,4.0,3.0,2.0,1.0,1.0,5.0,2.0,9.0
1.0,0.0,1.0,0.0,1.0,2.0,2.0,1.0,3.0,5.0,14.0,8.0
1.0,1.0,1.0,0.0,4.0,2.0,2.0,1.0,2.0,5.0,2.0,12.0
1.0,1.0,1.0,0.0,2.0,2.0,4.0,2.0,4.0,1.0,4.0,15.0
1.0,1.0,0.0,1.0,5.0,3.0,3.0,1.0,1.0,5.0,4.0,11.0
1.0,1.0,1.0,1.0,4.0,4.0,5.0,5.0,5.0,5.0,16.0,11.0
1.0,1.0,1.0,0.0,5.0,4.0,2.0,3.0,4.0,5.0,0.0,11.0
1.0,1.0,0.0,1.0,4.0,3.0,1.0,1.0,1.0,5.0,0.0,17.0
1.0,1.0,0.0,1.0,4.0,5.0,2.0,1.0,1.0,5.0,0.0,16.0
1.0,1.0,0.0,1.0,5.0,3.0,2.0,1.0,1.0,2.0,0.0,10.0
1.0,1.0,1.0,0.0,5.0,4.0,3.0,1.0,1.0,5.0,0.0,14.0
1.0,0.0,0.0,1.0,3.0,5.0,1.0,1.0,1.0,5.0,0.0,7.0
1.0,1.0,0.0,1.0,5.0,4.0,3.0,1.0,1.0,4.0,2.0,16.0
1.0,1.0,0.0,1.0,2.0,4.0,3.0,1.0,1.0,5.0,7.0,15.0
1.0,0.0,1.0,1.0,4.0,3.0,2.0,1.0,1.0,5.0,2.0,12.0
1.0,0.0,1.0,1.0,4.0,3.0,1.0,1.0,1.0,3.4,8.0,13.0
1.0,0.0,0.0,1.0,3.0,3.0,3.6,1.0,2.0,3.0,25.0,9.0
1.0,1.0,0.0,0.0,5.0,4.0,3.0,2.0,4.0,5.0,8.0,12.0
1.0,1.0,0.0,1.0,4.0,3.0,3.0,1.0,1.0,5.0,2.0,18.0
1.0,1.0,0.0,0.0,5.0,4.0,1.0,1.0,1.0,1.0,0.0,9.0
1.0,0.0,0.0,1.0,4.0,3.0,3.0,2.0,2.0,5.0,14.0,10.0
1.0,0.0,1.0,1.0,5.0,2.0,2.0,1.0,1.0,5.0,8.0,7.0
1.0,0.0,0.0,0.0,2.0,3.0,5.0,1.0,4.0,3.0,12.0,11.0
1.0,1.0,0.0,1.0,4.0,2.0,2.0,1.0,1.0,2.0,4.0,19.0
1.0,1.0,1.0,0.0,4.0,3.0,3.0,2.0,2.0,5.0,2.0,15.0
1.0,0.0,0.0,1.0,4.0,4.0,4.0,1.0,1.0,3.8,2.0,7.0
1.0,0.0,1.0,0.0,4.0,3.0,3.0,2.0,3.0,4.0,2.0,13.0
1.0,0.0,1.0,0.0,4.0,3.0,3.0,1.0,1.0,5.0,2.0,12.0
1.0,1.0,0.0,0.0,5.0,5.0,5.0,3.0,4.0,5.0,6.0,11.0
1.0,0.0,1.0,0.0,3.0,3.0,4.0,2.0,3.0,5.0,0.0,10.0
1.0,0.0,1.0,0.0,5.0,3.0,4.0,4.0,4.0,1.0,6.0,12.0
1.0,0.0,1.0,1.0,5.0,3.0,4.0,1.0,1.0,2.0,8.0,9.0
1.0,0.0,1.0,1.0,4.0,3.0,2.0,1.0,1.0,1.0,0.0,15.0
1.0,1.0,0.0,1.0,3.0,2.0,2.0,1.0,1.0,5.0,4.0,15.0
1.0,1.0,0.0,1.0,4.0,3.0,2.0,1.0,1.0,5.0,2.0,9.0
1.0,0.0,0.0,0.0,4.0,2.0,3.0,1.0,1.0,5.0,2.0,16.0
1.0,0.0,0.0,1.0,2.0,4.0,4.0,2.0,3.0,4.0,6.0,11.0
1.0,0.0,0.0,1.0,5.0,5.0,5.0,2.8,5.0,5.0,6.0,10.0
1.0,0.0,0.0,1.0,4.0,4.0,3.0,1.0,1.0,1.0,4.0,9.0
1.0,0.0,1.0,1.0,3.0,4.0,4.0,2.0,4.0,4.0,2.0,9.0
1.0,0.0,0.0,1.0,4.0,4.0,4.0,2.0,4.0,2.0,0.0,10.0
1.0,0.0,0.0,1.0,5.0,4.0,3.0,1.0,2.0,1.0,2.0,15.0
1.0,1.0,0.0,1.0,1.0,3.0,3.0,5.0,5.0,3.0,4.0,13.0
1.0,0.0,1.0,0.0,4.0,3.0,3.0,1.0,2.0,5.0,4.0,7.0
1.0,0.0,1.0,0.0,4.0,1.0,3.0,1.0,3.0,4.0,2.0,8.0
1.0,0.0,0.0,0.0,4.0,4.0,2.0,2.0,3.0,3.0,12.0,16.0
1.0,1.0,1.0,0.0,4.0,3.0,2.0,1.0,1.0,5.0,0.0,14.0
1.0,1.0,0.0,0.0,3.0,3.0,3.0,1.0,1.0,3.0,0.0,10.0
1.0,0.0,0.0,0.0,3.0,3.0,4.0,2.0,4.0,5.0,2.0,6.0
1.0,1.0,0.0,1.0,5.0,3.0,2.0,2.0,2.0,5.0,2.0,13.0
1.0,0.0,1.0,1.0,4.0,3.0,3.0,2.0,4.0,5.0,54.0,11.0
1.0,1.0,1.0,1.0,4.0,3.0,3.0,2.0,3.0,5.0,6.0,9.0
1.0,1.0,0.0,1.0,3.0,4.0,3.0,1.0,1.0,1.0,8.0,11.0
1.0,0.0,1.0,0.0,5.0,2.0,3.0,1.0,3.0,3.0,0.0,11.0
1.0,1.0,0.0,1.0,4.0,5.0,1.0,1.0,1.0,3.0,2.0,9.0
1.0,0.0,0.0,0.0,2.0,4.0,3.0,1.0,2.0,3.0,12.0,5.0
1.0,1.0,1.0,1.0,3.0,2.0,2.0,1.0,3.0,3.0,2.0,11.0
1.0,1.0,1.0,0.0,5.0,3.0,2.0,1.0,2.0,5.0,4.0,11.0
1.0,0.0,1.0,0.0,4.0,4.0,4.0,1.0,1.0,5.0,2.6,6.0
1.0,1.0,1.0,1.0,5.0,3.0,3.0,1.0,3.0,4.0,4.0,15.0
1.0,0.0,0.0,1.0,4.0,3.0,2.0,2.0,3.0,4.0,2.0,10.0
1.0,0.0,1.0,0.0,4.0,4.0,4.0,2.0,3.0,5.0,6.0,8.0
1.0,0.0,0.0,0.0,4.0,3.0,4.0,1.0,2.0,2.0,4.0,7.0
1.0,0.0,0.0,1.0,5.0,3.0,3.0,1.0,3.0,1.0,4.0,14.0
1.0,1.0,1.0,1.0,4.0,4.0,2.0,1.0,1.0,3.0,12.0,10.0
1.0,1.0,0.0,0.0,4.0,1.0,3.0,1.6,5.0,5.0,18.0,7.0
1.0,0.0,1.0,0.0,4.0,3.0,3.0,1.0,3.0,4.0,0.0,7.0
1.0,0.0,1.0,1.0,4.0,5.0,5.0,1.0,3.0,1.0,4.0,17.0
1.0,0.0,0.0,0.0,3.0,3.0,3.0,2.0,3.0,2.0,4.0,6.0
1.0,0.0,1.0,1.0,5.0,3.0,3.0,1.0,1.0,1.0,0.0,10.0
1.0,1.0,0.0,1.0,4.0,3.0,4.0,1.0,1.0,4.0,6.0,13.0
1.0,0.0,1.0,1.0,3.0,1.0,2.0,1.0,1.0,1.0,2.0,9.0
1.0,1.0,0.0,1.0,3.0,3.0,3.0,1.0,1.0,4.0,2.0,14.0
1.0,0.0,1.0,0.0,4.0,3.0,5.0,1.0,1.0,5.0,2.0,9.0
1.0,0.0,0.0,1.0,5.0,3.0,4.0,1.0,2.0,2.8,6.0,13.0
1.0,0.0,1.0,0.0,5.0,3.0,5.0,1.0,1.0,3.0,0.0,8.0
1.0,1.0,1.0,1.0,4.0,5.0,5.0,5.0,5.0,4.0,14.0,6.0
1.0,1.0,0.0,1.0,4.0,4.0,3.0,1.0,1.0,4.0,0.0,17.0
1.0,1.0,0.0,1.0,5.0,3.0,3.0,1.0,1.0,5.0,4.0,12.0
1.0,0.0,1.0,0.0,4.0,3.0,5.0,1.0,1.0,2.0,26.0,6.0
1.0,1.0,1.0,1.0,5.0,4.0,4.0,1.0,1.0,1.0,0.0,17.0
1.0,0.0,0.0,0.0,4.0,3.0,3.0,1.0,1.0,4.0,10.0,11.0
1.0,0.0,1.0,0.0,5.0,1.0,2.0,1.0,1.0,3.0,8.0,8.0
1.0,1.0,0.0,1.0,5.0,3.0,3.0,1.0,1.0,5.0,2.0,17.0
1.0,1.0,1.0,1.0,1.0,3.0,5.0,3.0,5.0,1.0,6.0,12.0
1.0,0.0,1.0,1.0,5.0,4.0,5.0,1.0,1.0,4.0,4.0,15.0
1.0,1.0,0.0,1.0,5.0,5.0,3.0,1.0,1.0,4.0,6.0,19.0
1.0,0.0,0.0,1.0,4.0,3.4,2.0,1.0,1.0,2.0,0.0,9.0
1.0,0.0,0.0,1.0,3.0,1.0,2.0,1.0,1.0,5.0,6.0,12.0
1.0,1.0,0.0,0.0,3.0,5.0,2.0,1.0,1.0,3.0,10.0,19.0
1.0,1.0,0.0,1.0,5.0,4.0,2.0,1.0,1.0,5.0,8.0,9.0
1.0,1.0,0.0,1.0,5.0,4.0,4.0,1.0,2.0,5.0,2.0,15.0
1.0,1.0,0.0,1.0,4.0,4.0,3.0,1.0,1.0,2.0,2.0,13.0
1.0,1.0,0.0,1.0,5.0,4.0,2.0,1.0,1.0,5.0,0.0,13.0
1.0,1.0,0.0,1.0,5.0,2.0,4.0,1.0,4.0,5.0,20.0,8.0
1.0,1.0,0.0,0.0,3.0,4.0,3.0,1.0,2.0,4.0,6.0,13.0
1.0,0.0,0.0,0.0,3.0,2.0,3.0,1.0,2.0,1.0,2.0,15.0
1.0,1.0,1.0,1.0,5.0,5.0,4.0,1.0,2.0,5.0,6.0,15.0
1.0,0.0,1.0,1.0,4.0,2.0,2.0,1.0,2.0,5.0,2.0,13.0
1.0,1.0,0.0,1.0,3.0,4.0,4.0,1.0,2.0,5.0,18.0,13.0
1.0,0.0,1.0,0.0,5.0,3.2,4.0,1.0,1.0,5.0,0.0,8.0
1.0,1.0,0.0,0.0,5.0,5.0,5.0,3.0,2.0,5.0,0.0,13.0
1.0,0.0,0.0,1.0,5.0,3.0,2.0,1.0,1.0,1.0,0.0,9.0
1.0,0.0,0.0,0.0,3.0,4.0,2.0,1.0,1.0,5.0,2.0,8.0
1.0,1.0,0.0,1.0,3.0,3.0,3.0,1.0,2.0,4.0,0.0,4.0
1.0,1.0,1.0,1.0,3.0,5.0,5.0,2.0,5.0,4.0,8.0,18.0
1.0,0.0,0.0,0.0,4.0,2.0,2.0,2.0,2.0,5.0,0.0,4.0
1.0,0.0,0.0,1.0,4.0,3.0,3.0,1.0,2.0,4.0,0.0,3.0
1.0,0.0,0.0,0.0,3.0,4.0,4.0,1.0,3.0,5.0,12.0,12.0
1.0,0.0,0.0,0.0,3.0,2.0,1.0,1.0,4.0,5.0,16.0,11.0
1.0,1.0,0.0,0.0,5.0,3.0,3.0,1.0,1.0,5.0,0.0,3.0
1.0,0.0,0.0,1.0,4.0,3.0,3.0,1.0,1.0,5.0,0.0,4.0
1.0,1.0,0.0,0.0,5.0,4.0,5.0,2.0,4.0,5.0,0.0,3.0
1.0,0.0,0.0,1.0,4.0,3.0,2.0,1.0,1.0,5.0,0.0,1.0
1.0,1.0,0.0,0.0,4.0,4.0,4.0,1.0,3.0,5.0,0.0,13.0
1.0,0.0,0.0,1.0,4.0,3.0,2.0,1.0,1.0,5.0,0.0,16.0
1.0,1.0,0.0,0.0,2.0,2.0,2.0,1.0,1.0,3.0,0.0,5.0
1.0,1.0,0.0,1.0,2.0,3.0,3.0,2.0,2.0,2.0,8.0,9.0
1.0,0.0,1.0,1.0,4.0,2.0,2.0,1.0,1.0,3.4,2.0,10.0
1.0,0.0,0.0,0.0,3.0,4.0,4.0,3.0,3.0,1.0,2.0,14.0
1.0,1.0,0.0,0.0,5.0,4.0,5.0,1.0,2.0,5.0,0.0,2.0
1.0,0.0,1.0,0.0,4.0,4.0,2.0,1.0,2.0,5.0,0.0,10.0
1.0,0.0,0.0,0.0,3.0,3.0,2.0,1.0,1.0,3.0,0.0,4.0
1.0,0.0,1.0,0.0,4.0,3.0,2.0,1.0,1.0,5.0,2.0,11.0
1.0,1.0,0.0,0.0,3.0,3.0,2.0,2.0,1.0,5.0,0.0,4.0
1.0,1.0,0.0,0.0,4.0,5.0,5.0,2.0,5.0,5.0,0.0,9.0
1.0,1.0,0.0,0.0,2.0,3.0,5.0,2.0,5.0,4.0,0.0,4.0
1.0,1.0,0.0,1.0,4.0,4.0,4.0,3.0,5.0,5.0,6.0,13.0
1.0,0.0,1.0,1.0,4.0,2.0,1.0,2.0,3.0,3.0,8.0,10.0
1.0,1.0,0.0,0.0,4.0,5.0,4.0,1.0,1.0,4.0,0.0,2.0
1.0,0.0,0.0,0.0,4.0,2.0,1.0,1.0,1.0,4.0,0.0,11.0
1.0,1.0,1.0,1.0,4.0,4.0,4.0,1.0,1.0,1.0,2.0,9.0
1.0,1.0,0.0,0.0,2.0,2.0,2.0,3.0,3.0,5.0,8.0,14.0
1.0,0.0,0.0,1.0,5.0,2.0,5.0,1.0,5.0,4.0,6.0,9.0
1.0,1.0,0.0,0.0,4.0,2.0,2.0,1.0,2.0,3.0,2.0,16.0
1.0,1.0,1.0,0.0,4.0,5.0,5.0,4.0,4.0,5.0,4.0,11.0
1.0,1.0,0.0,1.0,3.0,3.0,2.0,2.0,2.0,5.0,0.0,4.0
1.0,1.0,0.0,0.0,4.0,4.0,4.0,1.0,4.0,3.0,6.0,7.0
1.0,1.0,0.0,1.0,4.0,4.0,4.0,2.0,4.0,5.0,0.0,2.0
1.0,1.0,0.0,0.0,5.0,3.0,3.0,1.0,4.0,2.0,2.0,10.0
1.0,1.0,0.0,1.0,5.0,3.0,5.0,1.0,5.0,5.0,0.0,7.0
1.0,1.0,0.0,1.0,4.0,5.0,2.0,1.0,1.0,2.0,16.0,12.0
1.0,1.0,0.0,0.0,4.0,3.0,5.0,2.0,4.0,4.0,4.0,10.0
1.0,0.0,1.0,0.0,4.0,2.0,3.0,1.0,1.0,3.0,0.0,15.0
1.0,0.0,1.0,0.0,5.0,1.0,5.0,1.0,1.0,4.0,0.0,4.0
1.0,0.0,1.0,0.0,4.0,4.0,2.0,1.0,1.0,3.0,0.0,14.0
1.0,1.0,0.0,1.0,3.0,4.0,5.0,2.0,4.0,2.0,0.0,4.0
1.0,1.0,1.0,1.0,4.0,3.0,2.0,1.0,1.0,3.0,2.0,15.0
1.0,1.0,1.0,1.0,4.0,4.0,4.0,1.0,3.0,5.0,0.0,11.0
1.0,0.0,0.0,1.0,4.0,3.0,5.0,1.0,1.0,3.0,0.0,5.0
1.0,0.0,1.0,1.0,4.0,4.0,5.0,1.0,1.0,4.0,4.0,10.0
1.0,1.0,1.0,1.0,4.0,4.0,4.0,4.0,4.0,4.0,4.0,9.0
1.0,0.0,1.0,1.0,3.0,4.0,4.0,1.0,4.0,5.0,2.0,12.0
1.0,1.0,0.0,1.0,4.0,3.0,4.0,1.0,4.0,4.0,4.0,6.0
1.0,1.0,0.0,1.0,4.0,3.0,3.0,3.0,4.0,3.0,10.0,9.0
1.0,1.0,0.0,1.0,5.0,2.0,3.0,1.0,1.0,2.0,4.0,10.0
1.0,1.0,1.0,1.0,3.0,4.0,3.0,2.0,3.0,3.0,10.0,8.0
1.0,1.0,1.0,1.0,4.0,2.0,3.0,1.0,2.0,3.0,2.0,12.0
1.0,0.0,0.0,1.0,5.0,4.0,2.0,2.0,3.0,5.0,0.0,17.0
1.0,0.0,0.0,1.0,5.0,3.0,3.0,2.0,3.0,1.0,56.0,9.0
1.0,0.0,1.0,0.0,1.0,2.0,2.0,1.0,2.0,1.0,14.0,12.0
1.0,1.0,0.0,1.0,4.0,3.0,4.0,2.0,3.0,4.0,12.0,12.0
1.0,1.0,1.0,1.0,3.0,3.0,3.0,1.0,2.0,3.0,2.0,11.0
1.0,1.0,1.0,1.0,4.0,2.0,3.0,1.0,2.0,5.0,0.0,15.0
1.0,0.0,0.0,0.0,3.0,3.0,3.0,1.0,3.0,3.0,6.0,8.0
1.0,1.0,0.0,0.0,3.0,1.0,3.0,1.0,5.0,3.0,4.0,9.0
1.0,0.0,0.0,0.0,4.0,3.0,3.0,1.0,1.0,2.0,10.0,12.0
1.0,0.0,0.0,1.0,5.0,3.0,3.0,1.0,1.0,3.0,0.0,8.0
1.0,1.0,1.0,1.0,4.0,4.0,4.0,4.0,5.0,5.0,12.0,8.0
1.0,1.0,0.0,1.0,4.0,3.0,2.0,3.0,4.0,5.0,8.0,9.0
1.0,1.0,0.0,0.0,5.0,3.0,3.0,1.0,1.0,3.0,0.0,14.0
1.0,0.0,0.0,1.0,4.0,3.0,2.0,1.0,1.0,5.0,0.0,15.0
1.0,1.0,0.0,0.0,5.0,2.0,3.0,1.0,2.0,5.0,4.0,16.0
1.0,1.0,1.0,1.0,3.0,3.0,4.0,3.0,5.0,3.0,8.0,9.0
1.0,0.0,0.0,0.0,4.0,2.0,4.0,2.0,3.0,2.0,24.0,18.0
1.0,0.0,1.0,0.0,4.0,5.0,2.0,1.0,2.0,3.0,0.0,9.0
1.0,0.0,0.0,1.0,4.0,3.0,5.0,1.0,5.0,2.0,2.0,16.0
1.0,0.0,1.0,1.0,4.0,4.0,3.2,1.0,3.0,4.0,6.0,9.0
1.0,0.0,1.0,0.0,4.0,4.0,4.0,1.0,3.0,1.0,4.0,9.0
1.0,0.0,0.0,0.0,5.0,3.0,2.0,1.0,2.0,3.0,18.0,6.0
1.0,0.0,1.0,1.0,5.0,3.0,5.0,1.0,1.0,5.0,6.0,10.0
1.0,0.0,1.0,0.0,4.0,4.0,3.0,3.0,4.0,5.0,28.0,9.0
1.0,0.0,1.0,0.0,2.0,3.0,3.0,2.0,2.0,4.0,5.0,7.0
1.0,0.0,1.0,1.0,1.0,3.0,2.0,1.0,1.0,1.0,10.0,12.0
1.0,0.0,1.0,0.0,4.0,3.0,2.0,1.0,4.0,5.0,6.0,9.0
1.0,0.0,1.0,1.0,4.0,4.0,2.0,1.0,1.0,4.0,6.0,7.0
1.0,0.0,1.0,1.0,4.0,3.0,3.0,1.0,2.0,3.0,10.0,8.0
1.0,1.0,1.0,0.0,5.0,3.0,5.0,4.0,5.0,3.0,13.0,12.0
1.0,0.0,1.0,0.0,3.0,3.0,4.0,1.0,1.0,4.0,0.0,13.0
1.0,1.0,1.0,1.0,4.0,4.0,4.0,2.0,4.0,5.0,15.0,7.0
1.0,0.0,1.0,0.0,5.0,2.0,1.0,1.0,2.0,3.0,12.0,9.0
1.0,0.0,1.0,0.0,4.0,4.0,4.0,1.0,3.0,1.0,2.0,15.0
1.0,0.0,1.0,0.0,3.0,4.0,5.0,2.0,4.0,1.0,22.0,5.0
1.0,1.0,1.0,0.0,3.0,2.0,4.0,2.0,4.0,4.0,13.0,7.0
1.0,0.0,1.0,0.0,3.0,3.0,3.0,1.0,4.0,3.0,3.0,7.0
1.0,0.0,1.0,1.0,4.0,3.0,3.0,1.0,1.0,4.0,4.0,10.0
1.0,0.0,0.0,1.0,4.0,2.0,5.0,1.0,2.0,5.0,2.0,6.0
1.0,0.0,0.0,1.0,4.0,3.0,4.0,1.0,1.0,5.0,0.0,4.0
1.0,0.0,0.0,0.0,2.0,3.0,1.0,1.0,1.0,3.0,2.0,16.0
1.0,1.0,1.0,0.0,3.0,3.0,3.0,5.0,5.0,4.0,0.0,13.0
1.0,0.0,0.0,1.0,5.0,3.0,2.0,1.0,1.0,5.0,0.0,13.0
1.0,0.0,0.0,1.0,5.0,3.0,3.0,1.0,1.0,4.0,4.0,8.0
1.0,0.0,0.0,1.0,5.0,3.0,4.0,1.0,3.0,3.0,10.0,15.0
1.0,1.0,1.0,0.0,5.0,3.0,3.0,1.0,3.0,3.0,2.0,12.0
1.0,1.0,1.0,1.0,4.0,3.0,2.0,4.0,5.0,3.0,14.0,9.0
1.0,0.0,0.0,1.0,3.0,2.0,3.0,1.0,2.0,3.0,10.0,11.0
1.0,0.0,0.0,1.0,3.0,2.0,3.0,1.0,2.0,3.0,14.0,13.0
1.0,1.0,1.0,1.0,4.0,5.0,2.0,1.0,1.0,1.0,4.0,11.0
1.0,1.0,0.0,1.0,4.0,5.0,5.0,1.0,3.0,2.0,14.0,10.0
1.0,1.0,1.0,1.0,4.0,2.0,4.0,2.0,4.0,1.0,2.0,13.0
1.0,1.0,1.0,0.0,3.0,4.0,2.0,1.0,1.0,5.0,18.0,7.0
1.0,1.0,0.0,1.0,5.0,3.0,3.0,1.0,3.0,2.0,10.0,10.0
1.0,1.0,1.0,1.0,4.0,4.0,2.0,5.0,5.0,4.0,4.0,13.0
1.0,0.0,0.0,0.0,4.0,5.0,2.0,1.0,1.0,5.0,20.0,12.0
1.0,0.0,0.0,1.0,2.0,1.0,1.0,1.0,1.0,3.0,2.0,12.0
1.0,1.0,0.0,0.0,5.0,5.0,4.0,3.0,5.0,2.0,0.0,5.0
1.0,1.0,0.0,1.0,2.0,5.0,5.0,1.0,4.0,5.0,14.0,12.0
1.0,1.0,1.0,0.0,3.0,3.0,3.0,2.0,3.0,4.0,2.0,11.0
1.0,1.0,0.0,1.0,5.0,4.0,5.0,1.0,1.0,3.0,0.0,2.0
1.0,1.0,0.0,1.0,5.0,3.0,2.0,1.0,2.0,5.0,0.0,12.0
1.0,0.0,1.0,0.0,4.0,4.0,4.0,1.0,1.0,3.0,0.0,2.0
1.0,1.0,0.0,0.0,4.0,3.0,3.0,1.0,1.0,4.0,6.0,18.0
1.0,1.0,0.0,0.0,5.0,2.0,2.0,1.0,1.0,2.0,4.0,12.0
1.0,1.0,0.0,0.0,5.0,4.0,5.0,5.0,5.0,1.0,16.0,7.0
1.0,1.0,0.0,0.0,4.0,3.0,3.0,1.0,3.0,5.0,8.0,4.0
1.0,1.0,1.0,0.0,4.0,3.0,2.0,2.0,4.0,5.0,0.0,14.0
1.0,1.0,0.0,0.0,4.0,4.0,5.0,2.0,4.0,5.0,0.0,7.0
1.0,1.0,0.0,0.0,5.0,3.0,3.0,1.0,3.0,2.0,6.0,9.0
1.0,1.0,0.0,0.0,3.0,2.0,5.0,2.0,5.0,5.0,4.0,8.0
1.0,1.0,0.0,1.0,3.0,3.0,2.0,1.0,3.0,3.0,0.0,8.0
1.0,1.0,0.0,0.0,4.0,4.0,2.0,2.0,4.0,5.0,0.0,11.0
1.0,1.0,0.0,1.0,4.0,4.0,4.0,1.0,2.0,5.0,2.0,8.0
1.0,0.0,1.0,1.0,4.0,2.0,3.0,1.0,1.0,4.0,6.0,13.0
1.0,1.0,0.0,0.0,4.0,3.0,1.0,1.0,1.0,1.0,12.0,11.0
1.0,1.0,0.0,1.0,5.0,2.0,4.0,1.0,2.0,4.0,8.0,14.0
1.0,0.0,1.0,1.0,3.0,4.0,1.0,1.0,1.0,2.0,0.0,6.0
1.0,0.0,1.0,0.0,3.0,1.0,2.0,1.0,3.0,2.0,21.0,18.0
1.0,1.0,1.0,0.0,4.0,3.0,2.0,1.0,1.0,3.0,2.0,8.0
1.0,1.0,0.0,1.0,5.0,3.0,2.0,1.0,1.0,3.0,1.0,12.0
1.0,0.0,0.0,1.0,3.0,2.0,3.0,1.0,1.0,4.0,4.0,9.0
1.0,0.0,1.0,1.0,4.0,3.0,3.0,1.0,1.0,3.0,0.0,6.0
1.0,1.0,1.0,1.0,4.0,2.0,5.0,3.0,4.0,1.0,13.0,17.0
1.0,1.0,1.0,1.0,5.0,4.0,4.0,3.0,4.0,5.0,2.0,9.0
1.0,0.0,1.0,1.0,4.0,3.0,4.0,2.0,2.0,4.0,8.0,11.0
1.0,1.0,1.0,1.0,5.0,4.0,5.0,1.0,3.0,5.0,10.0,10.0
1.0,0.0,0.0,0.0,4.0,3.0,5.0,1.0,2.0,3.0,0.0,2.0
1.0,0.0,1.0,1.0,4.0,3.0,5.0,3.0,3.0,5.0,15.0,9.0
1.0,0.0,1.0,1.0,4.0,5.0,5.0,1.0,3.0,2.0,4.0,14.0
1.0,0.0,1.0,0.0,4.0,4.0,3.0,1.0,1.0,3.0,2.0,11.0
1.0,1.0,1.0,1.0,3.0,5.0,2.0,2.0,2.0,1.0,2.0,14.0
1.0,0.0,1.0,0.0,4.0,3.0,3.0,1.0,1.0,1.0,2.0,10.0
1.0,0.0,1.0,0.0,4.0,4.0,4.0,2.0,3.0,5.0,6.0,12.0
1.0,0.0,0.0,0.0,4.0,1.0,1.0,1.0,1.0,5.0,75.0,9.0
1.0,1.0,1.0,1.0,3.0,2.0,4.0,1.0,4.0,3.0,22.0,9.0
1.0,0.0,0.0,1.0,2.0,4.0,4.0,1.0,1.0,4.0,15.0,8.0
1.0,1.0,1.0,1.0,4.0,2.0,3.0,1.0,2.0,1.0,8.0,10.0
1.0,1.0,1.0,1.0,4.0,5.0,4.0,2.0,4.0,5.0,30.0,8.0
1.0,1.0,0.0,0.0,4.0,4.0,4.0,3.0,4.0,3.0,19.0,10.0
1.0,0.0,1.0,1.0,5.0,2.0,2.0,1.0,1.0,3.0,1.0,12.0
1.0,0.0,0.0,1.0,5.0,4.0,4.0,1.0,1.0,4.0,4.0,9.0
1.0,0.0,0.0,0.0,5.0,4.0,5.0,1.0,2.0,5.0,4.0,10.0
1.0,1.0,1.0,0.0,4.0,3.0,3.0,1.0,2.0,4.0,2.0,11.0
1.0,0.0,1.0,0.0,4.0,3.0,3.0,1.0,2.0,2.0,5.0,18.0
1.0,0.0,1.0,0.0,4.0,3.0,3.0,1.0,1.0,3.0,6.0,12.0
1.0,1.0,1.0,1.0,4.0,2.0,4.0,1.0,3.0,2.0,6.0,14.0
1.0,1.0,1.0,1.0,5.0,4.0,3.0,1.0,1.0,2.0,9.0,14.0
1.0,1.0,1.0,1.0,4.0,3.0,2.0,1.0,4.0,5.0,11.0,11.0
1.0,0.0,1.0,0.0,4.0,2.0,2.0,1.0,2.0,3.0,0.0,15.0
1.0,0.0,0.0,0.0,5.0,4.0,3.0,1.0,1.0,5.0,12.0,12.0
1.0,0.0,1.0,0.0,3.0,1.0,2.0,1.0,1.0,3.0,6.0,18.0
1.0,1.0,1.0,1.0,5.0,4.0,2.0,1.0,1.0,4.0,8.0,14.0
1.0,1.0,1.0,0.0,4.0,4.0,3.0,1.0,3.0,5.0,4.0,12.0
1.0,0.0,1.0,1.0,2.0,3.0,4.0,2.0,3.0,2.0,0.0,6.0
1.0,0.0,1.0,0.0,4.0,4.0,5.0,1.0,2.0,2.0,10.0,9.0
1.0,0.0,1.0,0.0,4.0,3.0,3.0,1.0,1.0,3.0,0.0,14.0
1.0,1.0,1.0,0.0,1.0,4.0,2.0,2.0,2.0,1.0,5.0,16.0
1.0,0.0,0.0,0.0,4.0,2.0,4.0,1.0,1.0,4.0,14.0,11.0
1.0,1.0,1.0,0.0,4.0,1.0,1.0,2.0,2.0,5.0,0.0,11.0
1.0,0.0,1.0,0.0,4.0,3.0,3.0,1.0,1.0,3.0,0.0,14.0
1.0,0.0,1.0,1.0,5.0,2.0,2.0,1.0,2.0,5.0,0.0,17.0
1.0,1.0,0.0,1.0,4.0,4.0,4.0,1.0,1.0,3.0,20.0,14.0
1.0,0.0,1.0,1.0,4.0,4.0,3.0,1.0,1.0,3.0,8.0,13.0
1.0,1.0,0.0,1.0,5.0,5.0,3.0,1.0,1.0,5.0,0.0,18.0
1.0,1.0,1.0,0.0,4.0,3.0,4.0,1.0,1.0,4.0,38.0,8.0
1.0,1.0,0.0,1.0,4.0,5.0,3.0,1.0,2.0,5.0,0.0,13.0
1.0,0.0,0.0,1.0,4.0,4.0,3.0,1.0,3.0,3.0,18.0,11.0
1.0,0.0,0.0,1.0,4.0,2.0,4.0,2.0,2.0,3.0,0.0,6.0
1.0,0.0,0.0,0.0,3.0,4.0,1.0,1.0,1.0,2.0,20.0,13.0
1.0,1.0,0.0,0.0,4.0,5.0,2.0,2.0,2.0,4.0,3.0,12.0
1.0,0.0,1.0,0.0,4.0,2.0,2.0,1.0,2.0,1.0,22.0,11.0
1.0,0.0,0.0,0.0,4.0,1.0,2.0,1.0,1.0,3.0,14.0,14.0
1.0,0.0,0.0,0.0,4.0,1.0,2.0,1.0,1.0,3.0,40.0,12.0
1.0,0.0,1.0,1.0,5.0,3.0,3.0,1.0,2.0,1.0,0.0,5.0
1.0,0.0,1.0,1.0,4.0,3.0,4.0,1.0,1.0,5.0,9.0,9.0
1.0,0.0,1.0,1.0,4.0,3.0,4.0,2.0,5.0,5.0,0.0,11.0
1.0,0.0,1.0,0.0,4.0,4.0,4.0,3.0,3.0,5.0,2.0,11.0
1.0,0.0,1.0,0.0,5.0,2.0,2.0,1.0,2.0,5.0,23.0,13.0
1.0,0.0,0.0,0.0,4.0,2.0,2.0,1.0,1.0,3.0,12.0,10.0
1.0,0.0,1.0,1.0,3.0,3.0,2.0,2.0,2.0,3.0,3.0,11.0
1.0,0.0,0.0,0.0,3.0,4.0,3.0,2.0,3.0,5.0,1.0,14.0
1.0,0.0,0.0,0.0,3.0,3.0,3.0,2.0,3.0,2.0,0.0,15.0
1.0,1.0,0.0,1.0,4.0,3.0,3.0,2.0,2.0,3.0,3.0,11.0
1.0,1.0,0.0,1.0,4.0,3.0,5.0,3.0,5.0,5.0,3.0,15.0
1.0,1.0,0.0,0.0,4.0,4.0,5.0,5.0,5.0,4.0,8.0,10.0
1.0,0.0,1.0,1.0,5.0,4.0,4.0,1.0,3.0,4.0,7.0,9.0
1.0,0.0,1.0,0.0,4.0,3.0,3.0,1.0,2.0,4.0,4.0,14.0
1.0,1.0,0.0,1.0,4.0,5.0,5.0,2.0,4.0,5.0,2.0,8.0
1.0,0.0,0.0,0.0,4.0,4.0,3.0,1.0,1.0,5.0,7.0,13.0
1.0,0.0,0.0,1.0,5.0,3.0,4.0,1.0,1.0,4.0,0.0,2.0
1.0,0.0,0.0,1.0,4.0,3.0,3.0,1.0,1.0,2.0,0.0,5.0
1.0,0.0,0.0,1.0,4.0,4.0,4.0,1.0,1.0,4.0,0.0,6.0
1.0,0.0,0.0,0.0,4.0,4.0,5.0,1.0,3.0,5.0,16.0,15.0
1.0,0.0,1.0,0.0,5.0,4.0,3.0,1.0,2.0,5.0,12.0,13.0
1.0,0.0,1.0,0.0,4.0,3.0,2.0,2.0,3.0,2.0,0.0,5.0
1.0,0.0,0.0,0.0,5.0,3.0,3.0,1.0,1.0,1.0,7.0,16.0
1.0,0.0,1.0,0.0,4.0,3.0,3.0,2.0,3.0,2.0,4.0,10.0
1.0,0.0,1.0,1.0,4.0,3.0,4.0,1.0,3.0,3.0,4.0,11.0
1.0,1.0,0.0,1.0,4.0,3.0,3.0,2.0,2.0,2.0,0.0,7.0
1.0,1.0,0.0,1.0,4.0,3.0,3.0,1.0,3.0,5.0,11.0,15.0
1.0,0.0,0.0,0.0,3.0,3.0,1.0,1.0,2.0,4.0,0.0,6.0
1.0,0.0,0.0,0.0,4.0,3.0,3.0,1.0,2.0,3.0,4.0,10.0
1.0,0.0,0.0,0.0,5.0,4.0,3.0,2.0,3.0,1.0,7.0,13.0
1.0,1.0,0.0,0.0,5.0,3.0,2.0,1.0,2.0,4.0,9.0,16.0
1.0,1.0,1.0,0.0,5.0,4.0,5.0,2.0,3.0,5.0,0.0,10.0
1.0,0.0,1.0,1.0,4.0,4.0,3.0,1.0,3.0,4.0,0.0,14.0
0.0,1.0,0.0,0.0,2.0,5.0,5.0,5.0,5.0,5.0,10.0,12.0
0.0,1.0,0.0,0.0,5.0,4.0,4.0,3.0,3.0,2.0,8.0,8.0
0.0,1.0,1.0,0.0,4.0,5.0,4.0,2.0,3.0,3.0,2.0,13.0
0.0,1.0,0.0,0.0,4.0,3.0,3.0,2.0,3.0,3.0,7.0,8.0
0.0,1.0,0.0,0.0,4.0,4.0,4.0,3.0,3.0,5.0,4.0,8.0
0.0,1.0,1.0,1.0,4.0,5.0,5.0,1.0,3.0,2.0,4.0,12.0
0.0,0.0,0.0,0.0,5.0,3.0,4.0,1.0,1.0,5.0,0.0,9.0
0.0,0.0,1.0,1.0,4.0,3.0,3.0,1.0,2.0,5.0,4.0,13.0
0.0,0.0,0.0,0.0,1.0,2.0,3.0,1.0,2.0,5.0,2.0,12.0
0.0,1.0,0.0,0.0,3.0,3.0,2.0,1.0,2.0,3.0,4.0,10.0
0.0,0.0,0.0,0.0,5.0,3.0,2.0,1.0,1.0,4.0,0.0,17.0
0.0,0.0,0.0,0.0,4.0,3.0,4.0,1.0,4.0,5.0,0.0,13.0
0.0,1.0,0.0,1.0,4.0,4.0,3.0,2.0,3.0,5.0,2.0,12.0
0.0,0.0,0.0,0.0,4.0,3.0,2.0,1.0,3.0,3.0,0.0,11.0
0.0,0.0,1.0,1.0,2.0,3.0,4.0,1.0,1.0,1.0,0.0,15.0
0.0,0.0,0.0,0.0,3.0,2.0,2.0,1.0,2.0,3.0,0.0,12.0
0.0,1.0,1.0,0.0,3.0,3.0,4.0,2.0,4.0,3.0,4.0,10.0
0.0,1.0,1.0,0.0,4.0,2.0,2.0,2.0,2.0,5.0,0.0,13.0
0.0,0.0,1.0,0.0,5.0,2.0,1.0,1.0,2.0,1.0,0.0,4.0
0.0,0.0,1.0,0.0,5.0,2.0,3.0,1.0,2.0,4.0,0.0,10.0
0.0,0.0,1.0,0.0,3.0,2.0,2.0,4.0,2.0,5.0,10.0,12.0
0.0,0.0,0.0,1.0,3.0,2.0,2.0,1.0,1.0,3.0,4.0,8.0
0.0,1.0,1.0,1.0,4.0,3.0,3.0,2.0,3.0,3.0,3.0,13.0
0.0,0.0,0.0,1.0,3.0,4.0,3.0,1.0,1.0,3.0,8.0,12.0
0.0,0.0,0.0,1.0,3.0,5.0,5.0,1.0,3.0,1.0,14.0,5.0
0.0,0.0,0.0,0.0,5.0,4.0,4.0,1.0,1.0,1.0,0.0,19.0
0.0,0.0,0.0,0.0,4.0,3.0,2.0,1.0,2.0,4.0,2.0,9.0
0.0,0.0,1.0,0.0,5.0,4.0,3.0,1.0,1.0,3.0,4.0,15.0
0.0,0.0,1.0,1.0,5.0,4.0,3.0,3.0,4.0,2.0,4.0,9.0
0.0,0.0,1.0,0.0,4.0,1.0,3.0,1.0,2.0,1.0,0.0,15.0
0.0,0.0,1.0,1.0,4.0,5.0,4.0,2.0,3.0,1.0,17.0,10.0
0.0,1.0,1.0,1.0,3.0,2.0,4.0,1.0,4.0,2.0,4.0,14.0
0.0,1.0,0.0,1.0,4.0,4.0,3.0,1.0,3.0,5.0,5.0,7.0
0.0,1.0,0.0,1.0,4.0,4.0,3.0,1.0,1.0,3.0,2.0,11.0
0.0,1.0,0.0,0.0,4.0,3.0,2.0,1.0,3.0,5.0,0.0,4.0
0.0,1.0,1.0,0.0,5.0,4.0,3.0,4.0,3.0,3.0,14.0,5.0
0.0,0.0,1.0,0.0,5.0,3.0,3.0,1.0,3.0,4.0,2.0,10.0
0.0,0.0,1.0,1.0,4.0,4.0,3.0,2.0,2.0,5.0,7.0,6.0
0.0,0.0,0.0,1.0,5.0,4.0,2.0,1.0,2.0,5.0,0.0,4.0
0.0,0.0,1.0,0.0,4.0,3.0,4.0,1.0,1.0,1.0,0.0,8.0
0.0,0.0,0.0,1.0,1.0,1.0,1.0,1.0,1.0,5.0,0.0,4.0
0.0,1.0,1.0,0.0,5.0,5.0,4.0,4.0,5.0,4.0,11.0,9.0
0.0,1.0,0.0,0.0,2.0,4.0,5.0,3.0,4.0,2.0,3.0,15.0
0.0,1.0,0.0,0.0,5.0,5.0,3.0,3.0,3.0,3.0,3.0,8.0
0.0,1.0,0.0,0.0,4.0,4.0,1.0,3.0,4.0,5.0,0.0,11.0
0.0,1.0,0.0,0.0,3.0,2.0,3.0,3.0,3.0,5.0,5.0,9.0
