날짜,종로구,중구,용산구,성동구,광진구,동대문구,중랑구,성북구,강북구,도봉구,노원구,은평구,서대문구,마포구,양천구,강서구,구로구,금천구,영등포구,동작구,관악구,서초구,강남구,송파구,강동구
2022-03-30,37261,33753,55376,81018,96008,95433,103288,116862,75118,82254,135361,119150,79934,98454,115771,148359,109973,63687,110293,106238,132305,104368,136200,176765,121926
2022-03-29,36216,32835,53872,79030,93474,92993,100255,113609,72934,79677,130878,115116,77705,95523,111900,143573,106162,61840,106171,102955,127626,100529,132333,172292,118842
2022-03-28,35276,31878,52391,76802,91030,90277,97419,110583,70754,77878,127299,112560,75425,93028,109290,139633,103573,59946,104109,100665,124805,98869,128813,167386,115846
2022-03-27,34879,31577,51652,76108,89876,89302,96359,109500,70003,76542,125120,110620,74131,92006,107582,137908,102610,59393,102916,99426,123374,96873,126296,165373,113549
2022-03-26,34061,30903,50720,74178,87770,87345,93690,106437,68329,75119,121314,108254,72644,89871,104991,134285,99938,57925,100349,96989,120413,95124,123992,161650,110649
2022-03-25,35766,32582,49989,74512,86488,85386,91639,102491,68116,73167,117632,104591,70928,87350,101656,128701,97546,58920,98149,94437,115209,93238,117573,154279,106653
2022-03-24,32267,29329,48249,70598,83280,83093,88856,100893,64872,71160,115419,101922,68483,85121,99046,126806,94520,54772,95143,91921,113972,90047,116637,153497,104266
2022-03-23,31283,28381,46631,68474,80149,80636,85857,97056,62635,68818,111567,98744,66378,82432,95259,122706,91314,52908,91734,88904,110587,86481,112922,148775,100582
2022-03-22,29872,27191,44587,65430,76850,77498,82352,92465,60062,65823,106013,93813,63736,78848,91190,117420,86948,50713,86594,84724,105402,82847,107360,142373,95772
2022-03-21,28851,26097,43051,63199,75116,74684,79294,90297,57799,63636,102860,91813,61469,76038,88329,113387,84260,48710,84310,81990,102490,80853,104101,137662,93683
2022-03-20,28414,25819,42476,62366,73297,73647,78044,88891,57038,62435,99291,89173,60177,74801,86324,111375,83238,48150,81824,80649,100796,78789,101267,135327,91305
2022-03-19,27391,24821,41106,59789,70963,71630,75648,85839,55184,60428,95081,86686,58376,72381,83594,107250,80400,46565,79902,77934,97363,76162,99069,130803,88215
2022-03-18,26330,23909,39366,57515,68308,68935,72718,82270,53157,58200,90235,83080,56199,69647,79905,103265,77044,44651,75241,74725,92685,73232,93752,125987,85260
2022-03-17,25158,22932,37321,54866,65326,65738,69898,78519,50909,55635,87337,79524,52916,66941,76183,96898,73922,42701,71538,71705,89619,70430,89860,120880,81632
2022-03-16,23332,21168,34034,51259,60428,60783,64960,71809,47343,51525,81471,74453,48925,62117,71274,89763,68012,39176,66103,65763,82317,65696,84427,113881,77240
2022-03-15,21762,19992,32986,48943,58185,58374,61877,69259,45085,49138,77639,69621,46768,59276,67013,86654,64520,37086,63505,62724,77678,62098,81663,106449,71951
2022-03-14,21180,19191,31791,46746,55814,55686,58619,66312,42681,46922,72552,66730,43506,56612,64342,83346,62309,35545,61180,60831,74665,59766,78966,102712,69344
2022-03-13,20321,18550,30577,44996,53032,53712,56566,64009,41161,45178,70132,64145,42495,54273,61923,80242,59373,33812,58881,58304,72073,57932,76181,98302,67511
2022-03-12,19325,17645,29090,42861,51087,51056,53822,60666,39096,42882,67731,60949,41217,51684,59084,75962,56877,32393,56504,55319,68428,55434,72988,93547,64447
2022-03-11,18344,16683,27392,40270,48223,48188,50462,57293,36710,40384,63889,57251,38365,48738,55876,71627,53617,30901,52933,52121,64516,52322,68946,88590,60705
2022-03-10,17529,15920,26415,38387,46186,46087,48533,54691,35284,38702,61367,54677,36233,46666,52721,68799,51440,29530,50956,49791,61708,49568,66136,85035,58751
2022-03-09,16660,15119,25014,36357,43661,43849,46075,51576,33420,36791,58287,51627,35065,44320,50392,64373,48580,27882,48088,46953,57551,47246,63331,80661,55634
2022-03-08,15557,14174,23452,33984,40927,41014,42944,48360,31196,34516,54847,48483,32855,41650,47432,60182,45347,26170,44780,43747,54217,44377,59976,75874,52275
2022-03-07,15152,13759,22810,32991,39499,39443,41378,46650,30007,33122,52590,46798,30886,40350,45951,58440,44162,25261,43575,42733,52735,42939,58017,73337,50688
2022-03-06,14580,13322,22047,31704,37917,38084,39893,44938,29034,31761,51042,44895,29774,38850,44115,56040,42564,24263,42210,41115,51049,41238,56172,70556,48961
2022-03-05,13906,12677,21004,30105,35992,36257,37830,42709,27734,30247,49065,42663,28638,36978,42009,53083,40523,23156,40027,39120,48857,39643,53847,67027,46664
2022-03-04,13235,12083,19937,28467,34067,34529,35869,40356,26314,28681,46234,40268,26686,34994,39698,49946,38389,21947,37799,37026,46354,37747,51478,63423,44444
2022-03-03,12502,11448,18730,26531,32011,32404,33348,37907,24684,26989,42727,37793,24391,32684,37326,46831,36063,20303,35701,35035,43598,35290,48683,59697,41840
2022-03-02,12062,10981,17996,25179,30415,31147,32095,36059,23627,25611,41040,35378,22203,31186,35133,43883,34657,18776,34172,33478,41592,33407,46595,56673,40228
2022-03-01,11339,10299,17029,23476,28537,29198,29902,34085,22165,24300,39118,33740,21795,29277,33564,41648,32415,18334,32367,31197,38937,31666,44338,53158,37604
2022-02-28,11037,9987,16570,22563,27463,28062,28819,32749,21384,23351,37336,32670,20923,28244,31970,40429,31372,17389,30933,30483,38017,30781,42886,51471,36511
2022-02-27,10646,9703,15964,21750,26360,27138,27731,31639,20661,22436,36129,31363,20299,27079,30709,38760,30355,16870,30029,29178,36849,29595,41393,49413,35330
2022-02-26,10161,9333,15263,20564,25000,25818,26415,30152,19698,21366,34709,29761,19339,25688,29616,36647,28944,16215,28502,27832,35245,28256,39701,46669,33588
2022-02-25,9708,8891,14581,19342,23705,24597,24985,28732,18717,20059,33001,28117,18438,24315,27515,34398,27521,15579,26796,26527,33471,26776,37948,44487,31951
2022-02-24,9229,8477,13869,18226,22442,23400,23702,27269,17659,19132,31037,26841,17320,22974,25977,32573,26207,14902,25531,25140,31759,25057,35761,42121,30158
2022-02-23,8736,8023,13164,17046,21142,22163,22291,25689,16680,18173,29496,25075,16383,21681,24145,29958,24771,13963,24233,23678,30020,23629,33771,39784,28344
2022-02-22,8228,7553,12269,15644,19805,20856,20755,23998,15605,17219,27673,23063,15198,20200,22435,27510,23402,13187,22738,22085,28034,21923,31505,36672,26277
2022-02-21,8025,7305,12001,14913,19077,20142,19986,23108,15064,16486,26678,21983,14649,19445,21332,25819,22576,12726,21841,21480,27295,21085,30010,35199,25451
2022-02-20,7716,7088,11543,14190,18353,19502,19288,22296,14500,15836,25558,21494,14127,18674,20545,24446,21833,12332,21178,20513,26633,20277,28902,33472,24441
2022-02-19,7407,6854,11135,13382,17435,18615,18327,21369,13799,15051,24291,20751,13709,17732,19811,23501,20975,11654,20499,19681,25361,19571,27797,32059,23141
2022-02-18,7200,6571,10735,12612,16591,17853,17494,20389,13127,14331,22790,19871,13181,16848,18778,21900,20109,11154,19632,18720,24160,18632,26620,30565,22047
2022-02-17,6850,6313,10242,11930,15729,17051,16477,19294,12496,13385,21275,18775,12470,15877,17803,20472,19077,10557,18534,17692,22809,17646,25413,28864,20800
2022-02-16,6604,6092,9837,11126,14865,16313,15861,18353,11901,12772,20348,18077,11843,15164,17037,19729,18391,10154,17909,16828,21705,16862,24244,27646,19736
2022-02-15,6377,5913,9497,10487,14122,15542,15074,17436,11269,12206,19402,17370,11287,14405,16223,19187,17510,9877,17233,16075,20776,16098,23204,26290,18556
2022-02-14,6195,5777,9279,10171,13669,15097,14659,16970,10920,11791,18581,16651,10818,14021,15606,18394,17113,9547,16808,15670,20391,15658,22385,25608,18028
2022-02-13,6099,5686,9023,9835,13192,14752,14342,16512,10581,11465,17428,16239,10558,13607,15115,17711,16692,9282,16425,15250,19801,15272,21753,24882,17440
2022-02-12,5915,5575,8775,9427,12744,14377,13820,15896,10274,11105,16972,15786,10360,13128,14581,17055,16209,9052,16068,14815,19206,14842,21006,24082,16776
2022-02-11,5700,5455,8535,9190,12325,13906,13332,15359,10019,10704,16428,15093,9958,12638,14097,16063,15720,8755,15666,14312,18510,14332,20089,23344,16087
2022-02-10,5538,5350,8294,9021,11886,13504,12863,14833,9673,10307,15912,14528,9610,12265,13622,15505,15319,8447,15211,13929,17555,13845,19538,22650,15444
2022-02-09,5446,5244,8077,8689,11429,13164,12576,14351,9438,9980,15209,13970,9175,11836,13140,14614,14852,8210,14765,13516,16889,13427,18697,21953,14720
2022-02-08,5303,5032,7831,8453,11048,12804,12040,13746,9200,9632,14251,13270,8914,11435,12665,14293,14409,7947,14372,13061,16600,12999,17873,20905,14246
2022-02-07,5246,5017,7709,8351,10747,12579,11793,13451,8981,9415,14004,12975,8682,11183,12385,14125,14180,7839,14131,12785,16430,12778,17405,20681,13883
2022-02-06,5169,4923,7562,8298,10461,12362,11484,13162,8768,9193,13780,12703,8537,10926,11984,13809,13944,7684,13855,12445,16053,12463,17239,19986,13497
2022-02-05,5063,4826,7411,7988,10139,12081,11181,12897,8545,8936,13403,12389,8353,10718,11612,13623,13675,7525,13533,12056,15690,12066,17001,19272,13018
2022-02-04,4957,4737,7252,7761,9857,11807,10942,12511,8342,8692,12904,12004,8183,10382,11253,13318,13334,7328,13237,11576,15102,11588,16741,18588,12584
2022-02-03,4887,4627,7078,7602,9634,11623,10732,12177,8200,8478,12688,11819,8004,10146,10924,13085,13117,7142,13003,11354,14941,11183,16541,18115,12122
2022-02-02,4811,4555,6923,7453,9421,11463,10522,11917,8033,8273,12471,11674,7893,9924,10636,12936,12952,7094,12780,11098,14701,10970,16348,17692,11815
2022-02-01,4768,4493,6794,7248,9229,11365,10419,11795,7912,8125,12373,11569,7760,9726,10415,12808,12792,6959,12597,10934,14418,10800,16198,17304,11596
2022-01-31,4727,4439,6698,7140,9059,11227,10256,11557,7805,8019,12176,11445,7655,9580,10218,12613,12652,6854,12456,10764,14233,10685,15912,17022,11383
2022-01-30,4668,4404,6597,7021,8872,11096,10129,11410,7720,7929,11957,11346,7565,9410,10009,12397,12513,6779,12302,10582,13927,10499,15657,16716,11169
2022-01-29,4615,4348,6499,6898,8713,10958,9982,11243,7638,7808,11763,11149,7442,9248,9817,12186,12362,6715,12147,10388,13722,10312,15454,16429,10960
2022-01-28,4562,4284,6387,6799,8569,10834,9837,11085,7538,7688,11552,11001,7328,9065,9622,11944,12205,6652,11982,10242,13466,10092,15206,16160,10768
2022-01-27,4510,4235,6277,6675,8389,10654,9718,10917,7465,7573,11380,10869,7208,8906,9406,11836,12065,6576,11823,10048,13261,9900,14949,15871,10602
2022-01-26,4460,4196,6197,6578,8258,10546,9588,10769,7386,7489,11224,10745,7108,8751,9250,11715,11948,6508,11694,9887,13038,9728,14732,15622,10467
2022-01-25,4424,4162,6108,6490,8119,10473,9454,10605,7335,7426,11031,10628,6997,8608,9101,11658,11847,6447,11567,9742,12802,9600,14513,15446,10337
2022-01-24,4397,4129,6072,6440,7998,10448,9408,10529,7303,7413,10907,10590,6963,8563,9033,11571,11803,6432,11484,9675,12706,9515,14348,15330,10279
2022-01-23,4358,4111,6026,6389,7922,10394,9369,10478,7275,7366,10853,10540,6895,8497,8966,11503,11757,6396,11427,9604,12594,9444,14208,15219,10208
2022-01-22,4338,4093,5976,6330,7836,10335,9324,10422,7243,7326,10779,10471,6838,8438,8902,11421,11685,6362,11376,9545,12488,9363,14079,15122,10144
2022-01-21,4313,4054,5932,6291,7764,10268,9280,10377,7222,7299,10694,10405,6785,8376,8837,11348,11643,6333,11315,9485,12385,9292,13962,15026,10085
2022-01-20,4296,4030,5896,6242,7699,10211,9242,10309,7201,7274,10614,10361,6759,8321,8776,11263,11579,6290,11256,9437,12293,9208,13853,14945,10037
2022-01-19,4277,4006,5862,6200,7661,10163,9196,10255,7173,7232,10539,10315,6717,8266,8719,11218,11522,6258,11210,9386,12209,9160,13754,14853,9997
2022-01-18,4260,3990,5819,6172,7628,10116,9164,10209,7148,7203,10489,10273,6702,8224,8680,11176,11475,6231,11144,9340,12139,9113,13659,14774,9960
2022-01-17,4250,3980,5794,6156,7589,10102,9150,10178,7137,7185,10446,10249,6677,8202,8652,11140,11443,6212,11120,9308,12091,9076,13599,14726,9938
2022-01-16,4237,3963,5762,6142,7567,10076,9133,10146,7111,7164,10419,10229,6649,8171,8615,11093,11416,6187,11093,9288,12057,9034,13543,14679,9916
2022-01-15,4232,3950,5730,6116,7535,10046,9101,10096,7097,7142,10376,10207,6600,8133,8581,11033,11377,6159,11061,9259,11997,9002,13488,14606,9900
2022-01-14,4215,3929,5696,6086,7500,10006,9063,10070,7078,7119,10340,10182,6554,8088,8550,10993,11348,6138,11031,9233,11943,8965,13427,14553,9879
2022-01-13,4206,3909,5666,6059,7461,9962,9029,10033,7046,7087,10305,10153,6534,8053,8520,10962,11316,6117,10995,9205,11896,8902,13374,14501,9842
2022-01-12,4188,3897,5638,6027,7474,9928,8996,9996,7027,7098,10265,10124,6507,8021,8490,10932,11258,6105,10955,9171,11832,8859,13293,14435,9805
2022-01-11,4179,3890,5592,6008,7429,9883,8963,9955,7011,7073,10238,10086,6424,7968,8464,10887,11207,6086,10915,9137,11762,8797,13193,14363,9759
2022-01-10,4158,3880,5570,5998,7404,9848,8933,9923,6990,7053,10203,10062,6409,7941,8431,10855,11166,6073,10895,9116,11730,8753,13121,14322,9741
2022-01-09,4144,3863,5547,5977,7375,9805,8906,9883,6973,7034,10175,10033,6401,7915,8406,10822,11121,6052,10882,9092,11694,8720,13072,14267,9709
2022-01-08,4124,3846,5515,5960,7342,9759,8873,9856,6946,7010,10128,9996,6372,7875,8370,10793,11069,6028,10849,9066,11653,8680,13023,14199,9661
2022-01-07,4096,3830,5491,5930,7301,9720,8832,9815,6925,6968,10077,9970,6342,7837,8341,10741,11023,6003,10824,9032,11601,8639,12955,14150,9618
2022-01-06,4072,3807,5455,5900,7267,9684,8796,9776,6907,6937,10033,9932,6321,7800,8298,10713,10972,5983,10777,8988,11559,8590,12881,14089,9578
2022-01-05,4056,3784,5427,5867,7216,9630,8740,9737,6877,6905,9973,9889,6286,7769,8247,10665,10910,5953,10719,8956,11502,8543,12806,14012,9521
2022-01-04,4035,3764,5388,5829,7164,9564,8669,9675,6844,6861,9926,9826,6250,7724,8165,10618,10837,5917,10673,8919,11453,8489,12706,13933,9463
2022-01-03,4022,3747,5365,5809,7136,9532,8624,9627,6807,6832,9879,9797,6222,7690,8128,10579,10799,5893,10645,8884,11406,8457,12649,13873,9414
2022-01-02,4010,3726,5346,5775,7109,9494,8582,9592,6784,6799,9820,9765,6185,7654,8082,10547,10769,5868,10610,8864,11371,8416,12585,13812,9369
2022-01-01,3993,3700,5311,5748,7076,9459,8534,9544,6739,6763,9756,9712,6161,7609,8034,10506,10699,5835,10559,8829,11313,8370,12528,13730,9311
2021-12-31,3973,3671,5274,5707,7042,9385,8476,9488,6695,6718,9669,9663,6110,7570,7965,10436,10620,5795,10507,8791,11265,8311,12452,13634,9229
2021-12-30,3949,3649,5236,5664,6981,9313,8408,9417,6637,6662,9578,9602,6066,7514,7891,10360,10558,5755,10429,8739,11196,8260,12366,13525,9123
2021-12-29,3921,3626,5203,5611,6919,9250,8344,9331,6560,6608,9491,9535,6023,7464,7843,10294,10476,5715,10353,8674,11120,8191,12282,13405,9031
2021-12-28,3878,3593,5167,5569,6870,9152,8275,9249,6494,6556,9411,9428,5971,7409,7766,10192,10390,5661,10266,8601,11043,8120,12215,13319,8940
2021-12-27,3838,3570,5139,5530,6819,9091,8236,9142,6450,6501,9321,9393,5946,7371,7714,10150,10346,5636,10224,8560,10992,8087,12148,13237,8883
2021-12-26,3808,3542,5108,5503,6776,9030,8164,9031,6391,6461,9227,9315,5902,7318,7659,10091,10316,5599,10182,8510,10915,8031,12079,13121,8826
2021-12-25,3777,3504,5074,5464,6733,8947,8093,8920,6327,6400,9122,9245,5848,7237,7580,10007,10246,5548,10100,8434,10830,7965,11996,12974,8756
2021-12-24,3728,3478,5042,5408,6674,8875,8030,8841,6260,6328,8992,9144,5789,7155,7464,9918,10154,5507,10000,8346,10749,7881,11892,12847,8679
2021-12-23,3681,3435,4989,5367,6605,8778,7963,8731,6167,6248,8886,9058,5707,7085,7346,9792,10073,5465,9906,8247,10647,7790,11777,12658,8593
2021-12-22,3632,3388,4932,5293,6518,8666,7879,8607,6076,6158,8737,8923,5625,6986,7236,9661,9973,5419,9778,8156,10516,7703,11636,12491,8491
2021-12-21,3592,3357,4862,5225,6445,8548,7768,8545,5996,6047,8567,8763,5551,6878,7144,9528,9841,5358,9655,8054,10391,7594,11500,12346,8361
2021-12-20,3547,3331,4816,5182,6381,8464,7693,8456,5915,5976,8417,8613,5493,6834,7089,9434,9789,5315,9596,7960,10292,7533,11380,12244,8280
2021-12-19,3521,3336,4781,5142,6317,8362,7626,8353,5836,5915,8305,8538,5436,6758,7035,9354,9731,5263,9532,7887,10189,7464,11285,12091,8199
2021-12-18,3485,3308,4728,5083,6254,8247,7527,8260,5773,5827,8237,8439,5386,6692,6959,9244,9634,5201,9427,7801,10093,7363,11153,12026,8090
2021-12-17,3437,3272,4675,5003,6152,8134,7430,8134,5679,5702,8099,8306,5296,6613,6855,9106,9523,5120,9316,7705,9960,7243,11027,11843,8002
2021-12-16,3390,3243,4620,4925,6092,7972,7308,8039,5577,5614,7979,8178,5200,6535,6747,8952,9393,5029,9191,7604,9821,7154,10881,11663,7900
2021-12-15,3349,3199,4550,4856,6011,7825,7167,7887,5497,5522,7844,8055,5112,6444,6639,8768,9252,4959,9080,7518,9674,7044,10719,11540,7765
2021-12-14,3310,3150,4489,4783,5939,7692,7018,7764,5406,5403,7682,7946,5001,6338,6523,8586,9088,4851,8949,7393,9497,6929,10591,11288,7627
2021-12-13,3298,3140,4451,4719,5889,7543,6926,7664,5297,5335,7634,7849,4892,6274,6446,8495,9037,4796,8876,7347,9417,6847,10506,11109,7555
2021-12-12,3232,3111,4399,4665,5826,7431,6815,7504,5209,5251,7529,7721,4817,6202,6341,8376,8932,4735,8778,7273,9300,6750,10356,10934,7479
2021-12-11,3189,3068,4349,4621,5761,7327,6699,7427,5137,5151,7413,7641,4763,6126,6236,8259,8778,4662,8667,7187,9167,6645,10250,10818,7370
2021-12-10,3154,3026,4299,4562,5670,7188,6596,7327,5079,5047,7295,7542,4706,6044,6139,8113,8673,4589,8533,7089,9055,6544,10126,10616,7240
2021-12-09,3106,2992,4255,4495,5589,7032,6438,7182,5004,4942,7171,7438,4607,5963,6031,7978,8560,4490,8394,6997,8929,6439,9989,10482,7099
2021-12-08,3089,2959,4196,4461,5525,6921,6346,7084,4958,4846,7058,7274,4573,5882,5927,7836,8445,4402,8276,6892,8793,6337,9840,10347,6996
2021-12-07,3045,2900,4142,4392,5424,6768,6241,6966,4872,4740,6940,7156,4502,5789,5814,7687,8311,4309,8142,6779,8636,6229,9706,10166,6864
2021-12-06,2988,2868,4092,4337,5370,6660,6145,6892,4749,4656,6777,7037,4414,5725,5756,7590,8253,4276,8064,6707,8557,6168,9607,10029,6820
2021-12-05,2977,2841,4067,4317,5313,6626,6061,6814,4739,4591,6720,7000,4375,5659,5675,7509,8201,4239,7991,6644,8473,6121,9549,9947,6763
2021-12-04,2950,2808,4019,4280,5246,6525,5969,6724,4667,4534,6649,6946,4298,5599,5603,7395,8092,4185,7880,6554,8369,6067,9460,9818,6660
2021-12-03,2884,2779,3971,4246,5171,6443,5864,6637,4613,4442,6553,6856,4239,5526,5501,7281,8004,4125,7769,6461,8237,5997,9365,9698,6576
2021-12-02,2850,2757,3919,4203,5096,6327,5777,6509,4540,4358,6475,6748,4167,5456,5416,7141,7943,4037,7645,6367,8135,5928,9295,9586,6483
2021-12-01,2783,2684,3851,4149,5006,6198,5685,6372,4456,4270,6350,6587,4077,5345,5326,6957,7813,3922,7514,6262,8014,5860,9188,9431,6353
2021-11-30,2773,2680,3796,4116,4970,6132,5613,6349,4436,4226,6329,6558,4058,5292,5245,6941,7742,3904,7448,6201,7994,5822,9129,9382,6310
2021-11-29,2734,2651,3765,4075,4920,6092,5567,6300,4377,4183,6238,6497,4027,5252,5194,6894,7695,3876,7386,6161,7949,5783,9087,9336,6282
2021-11-28,2701,2628,3728,4053,4880,6039,5520,6249,4318,4145,6194,6439,3974,5203,5136,6818,7630,3826,7315,6084,7870,5719,9044,9263,6240
2021-11-27,2668,2599,3703,4016,4830,5951,5441,6193,4263,4088,6131,6379,3923,5154,5044,6740,7525,3788,7235,5984,7802,5672,9002,9183,6188
2021-11-26,2638,2561,3642,3981,4778,5850,5363,6127,4202,4053,6050,6281,3876,5105,4970,6641,7419,3730,7153,5878,7739,5629,8938,9105,6113
2021-11-25,2618,2527,3597,3955,4724,5776,5297,6052,4150,4037,5993,6179,3824,5058,4897,6557,7320,3679,7077,5768,7663,5608,8893,9015,6034
2021-11-24,2568,2500,3564,3920,4674,5705,5230,5979,4071,3998,5926,6113,3786,5005,4798,6471,7237,3595,6980,5667,7581,5566,8844,8912,5967
2021-11-23,2555,2475,3535,3899,4627,5630,5174,5906,4020,3951,5853,6020,3722,4953,4707,6380,7142,3530,6883,5578,7486,5522,8790,8792,5899
2021-11-22,2531,2455,3525,3862,4587,5596,5124,5837,3968,3908,5797,5975,3694,4920,4658,6302,7086,3501,6842,5523,7448,5479,8745,8735,5850
2021-11-21,2509,2441,3503,3833,4556,5545,5064,5766,3917,3871,5739,5933,3657,4879,4599,6238,7021,3463,6766,5471,7390,5446,8699,8658,5784
2021-11-20,2481,2424,3478,3792,4511,5494,5024,5693,3876,3848,5667,5878,3629,4842,4532,6164,6955,3432,6697,5412,7327,5403,8647,8576,5721
2021-11-19,2449,2402,3452,3749,4483,5435,4977,5628,3830,3791,5619,5822,3598,4809,4482,6091,6885,3371,6616,5361,7263,5345,8589,8508,5669
2021-11-18,2424,2368,3431,3721,4442,5362,4935,5538,3788,3731,5568,5761,3566,4766,4440,6011,6830,3316,6519,5314,7204,5315,8528,8430,5618
2021-11-17,2400,2350,3412,3688,4405,5294,4890,5444,3754,3675,5503,5695,3524,4726,4391,5940,6739,3269,6440,5269,7137,5256,8471,8341,5570
2021-11-16,2365,2336,3388,3660,4371,5212,4834,5359,3719,3602,5437,5646,3484,4681,4322,5890,6651,3225,6376,5221,7057,5215,8425,8266,5500
2021-11-15,2352,2322,3378,3622,4348,5155,4797,5295,3694,3567,5411,5626,3465,4652,4297,5849,6593,3202,6312,5202,7019,5190,8388,8231,5469
2021-11-14,2337,2308,3360,3599,4329,5111,4768,5240,3679,3541,5369,5596,3455,4631,4263,5806,6555,3183,6256,5171,6987,5163,8346,8180,5391
2021-11-13,2320,2289,3352,3573,4313,5069,4745,5189,3655,3520,5320,5547,3431,4605,4233,5764,6491,3154,6200,5143,6938,5132,8314,8128,5336
2021-11-12,2295,2273,3339,3547,4294,5018,4724,5145,3624,3489,5265,5489,3396,4585,4199,5713,6431,3123,6156,5118,6860,5098,8275,8081,5284
2021-11-11,2282,2257,3320,3529,4269,4987,4693,5095,3598,3447,5224,5438,3367,4563,4163,5646,6390,3102,6092,5090,6801,5076,8243,8029,5234
2021-11-10,2269,2239,3304,3504,4242,4928,4666,5055,3570,3411,5140,5407,3342,4539,4133,5596,6337,3084,6028,5067,6742,5026,8213,7959,5184
2021-11-09,2247,2223,3285,3480,4221,4859,4626,5028,3545,3390,5095,5369,3322,4505,4096,5544,6272,3059,5971,5038,6691,5001,8174,7887,5134
2021-11-08,2240,2208,3275,3455,4208,4818,4602,5000,3525,3375,5063,5341,3310,4487,4060,5515,6241,3032,5930,5016,6656,4979,8133,7847,5107
2021-11-07,2234,2196,3265,3439,4184,4794,4574,4979,3503,3357,5027,5299,3291,4470,4040,5487,6192,3013,5881,4997,6614,4953,8102,7802,5073
2021-11-06,2222,2187,3253,3420,4160,4752,4547,4941,3485,3326,4982,5255,3279,4453,4009,5451,6158,2965,5832,4980,6559,4925,8068,7744,5020
2021-11-05,2210,2169,3238,3396,4139,4712,4519,4906,3456,3286,4936,5202,3260,4439,3979,5405,6092,2925,5783,4952,6502,4887,8043,7693,4980
2021-11-04,2195,2148,3220,3376,4119,4656,4496,4861,3429,3250,4887,5162,3242,4412,3950,5350,6022,2872,5718,4924,6454,4858,8019,7630,4951
2021-11-03,2181,2134,3202,3360,4093,4651,4465,4811,3400,3233,4834,5116,3222,4390,3921,5305,5958,2835,5654,4893,6399,4837,7989,7568,4911
2021-11-02,2164,2122,3187,3335,4073,4606,4438,4756,3358,3216,4803,5070,3190,4362,3891,5247,5883,2805,5582,4858,6334,4812,7956,7512,4856
2021-11-01,2161,2114,3176,3321,4059,4585,4420,4695,3330,3197,4786,5054,3172,4341,3857,5232,5842,2786,5559,4840,6297,4795,7932,7481,4829
2021-10-31,2155,2095,3166,3316,4048,4548,4399,4651,3302,3178,4759,5038,3156,4323,3819,5208,5807,2767,5516,4820,6262,4774,7911,7435,4791
2021-10-30,2143,2076,3149,3301,4032,4508,4380,4599,3273,3167,4724,5018,3143,4302,3794,5179,5739,2751,5467,4788,6218,4758,7886,7384,4751
2021-10-29,2133,2058,3140,3285,4018,4451,4365,4563,3245,3143,4687,4998,3135,4279,3772,5142,5701,2733,5416,4764,6171,4742,7861,7345,4712
2021-10-28,2115,2043,3125,3258,3996,4404,4347,4533,3214,3102,4653,4978,3128,4253,3761,5112,5650,2703,5372,4744,6136,4719,7840,7297,4663
2021-10-27,2098,2030,3116,3238,3979,4352,4330,4506,3188,3063,4612,4965,3111,4234,3745,5091,5597,2669,5328,4723,6102,4702,7791,7236,4601
2021-10-26,2086,2018,3097,3220,3962,4325,4313,4469,3160,3032,4568,4934,3103,4218,3727,5069,5537,2650,5294,4698,6062,4670,7764,7195,4559
2021-10-25,2074,2017,3094,3205,3946,4310,4305,4444,3154,3020,4540,4925,3096,4207,3712,5043,5532,2647,5265,4682,6042,4651,7739,7178,4542
2021-10-24,2055,2012,3091,3197,3931,4294,4285,4421,3139,3001,4516,4915,3090,4200,3698,5022,5501,2634,5241,4670,6017,4628,7722,7145,4526
2021-10-23,2036,2004,3076,3179,3916,4272,4273,4399,3123,2987,4503,4903,3081,4191,3688,5001,5460,2608,5211,4654,5989,4607,7699,7107,4494
2021-10-22,2023,1989,3064,3173,3904,4248,4262,4372,3105,2979,4477,4887,3067,4176,3679,4970,5405,2568,5177,4638,5976,4588,7664,7094,4457
2021-10-21,2008,1983,3055,3159,3894,4218,4238,4351,3094,2968,4454,4866,3057,4164,3665,4949,5369,2554,5145,4609,5954,4573,7632,7070,4431
2021-10-20,1989,1968,3049,3151,3881,4197,4224,4324,3080,2955,4428,4845,3043,4157,3641,4935,5328,2540,5111,4581,5924,4556,7609,7047,4418
2021-10-19,1977,1959,3041,3138,3868,4177,4204,4307,3063,2945,4406,4827,3027,4134,3628,4917,5268,2526,5072,4557,5902,4545,7589,7028,4397
2021-10-18,1968,1960,3031,3132,3859,4165,4189,4294,3054,2938,4387,4818,3024,4127,3619,4901,5244,2512,5062,4535,5893,4541,7570,7015,4381
2021-10-17,1958,1956,3023,3119,3851,4155,4176,4269,3045,2928,4377,4809,3017,4121,3614,4888,5205,2494,5039,4523,5877,4536,7550,7001,4361
2021-10-16,1949,1949,3006,3102,3841,4137,4157,4249,3034,2915,4359,4781,3001,4112,3605,4866,5151,2477,5007,4502,5858,4530,7521,6983,4332
2021-10-15,1925,1938,2995,3087,3832,4117,4139,4218,3017,2907,4337,4750,2983,4102,3599,4855,5075,2454,4971,4480,5822,4521,7485,6952,4303
2021-10-14,1900,1930,2976,3072,3807,4073,4111,4188,2993,2891,4315,4717,2960,4082,3592,4840,4991,2421,4940,4460,5798,4511,7450,6923,4277
2021-10-13,1879,1922,2957,3064,3784,4043,4086,4161,2971,2869,4277,4677,2949,4060,3576,4821,4918,2384,4888,4434,5761,4500,7408,6888,4242
2021-10-12,1865,1913,2938,3052,3772,4011,4061,4132,2969,2859,4251,4650,2933,4035,3567,4797,4860,2367,4859,4421,5738,4485,7371,6858,4218
2021-10-11,1853,1908,2916,3041,3754,3992,4044,4108,2938,2852,4232,4635,2919,4023,3550,4774,4825,2356,4842,4401,5723,4476,7323,6839,4203
2021-10-10,1842,1899,2906,3026,3730,3967,4027,4087,2923,2833,4198,4616,2911,4012,3537,4758,4774,2328,4817,4387,5703,4463,7296,6815,4183
2021-10-09,1831,1892,2878,3019,3706,3938,4006,4066,2903,2821,4174,4584,2899,3994,3528,4735,4710,2305,4797,4364,5679,4456,7268,6780,4151
2021-10-08,1816,1875,2853,3005,3691,3881,3984,4031,2870,2809,4150,4553,2874,3969,3505,4708,4658,2275,4768,4331,5658,4440,7235,6740,4124
2021-10-07,1785,1864,2840,2995,3671,3843,3948,4001,2839,2787,4112,4517,2853,3935,3474,4684,4601,2250,4728,4299,5633,4418,7204,6696,4083
2021-10-06,1760,1839,2825,2985,3654,3789,3922,3965,2805,2757,4075,4478,2832,3911,3442,4649,4536,2230,4685,4277,5608,4394,7182,6644,4037
2021-10-05,1745,1824,2814,2961,3633,3761,3886,3944,2776,2735,4041,4449,2814,3889,3421,4627,4485,2214,4654,4255,5580,4380,7146,6606,4000
2021-10-04,1733,1813,2805,2946,3616,3737,3864,3926,2753,2715,4023,4425,2803,3869,3409,4606,4428,2196,4640,4233,5568,4365,7116,6581,3980
2021-10-03,1713,1794,2789,2931,3606,3705,3838,3899,2736,2699,3991,4397,2786,3845,3393,4583,4399,2181,4611,4219,5550,4347,7085,6549,3951
2021-10-02,1683,1776,2770,2910,3592,3660,3810,3876,2711,2683,3980,4370,2765,3810,3378,4565,4353,2159,4575,4197,5532,4333,7060,6513,3913
2021-10-01,1669,1758,2748,2884,3567,3602,3778,3853,2689,2648,3972,4341,2746,3778,3353,4526,4286,2130,4535,4176,5492,4311,7028,6478,3883
2021-09-30,1646,1736,2733,2862,3534,3540,3760,3811,2656,2630,3962,4308,2718,3753,3327,4492,4232,2102,4497,4149,5457,4294,6976,6419,3841
2021-09-29,1617,1709,2705,2838,3486,3487,3729,3779,2607,2605,3932,4284,2692,3727,3291,4447,4168,2064,4462,4120,5418,4284,6926,6356,3782
2021-09-28,1594,1672,2681,2814,3450,3421,3704,3738,2582,2570,3903,4237,2662,3680,3264,4406,4113,2033,4419,4092,5370,4265,6881,6288,3731
2021-09-27,1573,1649,2653,2795,3417,3365,3686,3684,2563,2542,3866,4221,2644,3663,3238,4356,4055,2017,4378,4068,5347,4249,6831,6230,3702
2021-09-26,1541,1622,2640,2776,3379,3336,3660,3659,2535,2517,3841,4182,2617,3641,3225,4327,3983,1998,4338,4040,5310,4229,6788,6176,3685
2021-09-25,1510,1598,2608,2737,3345,3279,3625,3628,2493,2492,3814,4151,2590,3611,3205,4279,3952,1959,4303,4019,5273,4194,6751,6088,3644
2021-09-24,1489,1563,2583,2695,3291,3212,3580,3578,2468,2463,3763,4114,2555,3569,3171,4218,3878,1926,4250,3983,5207,4167,6687,5977,3590
2021-09-23,1473,1540,2571,2668,3238,3174,3546,3552,2440,2446,3737,4087,2538,3537,3150,4171,3822,1913,4203,3943,5175,4144,6638,5876,3550
2021-09-22,1455,1506,2562,2648,3216,3150,3527,3527,2417,2428,3716,4071,2527,3514,3132,4133,3789,1899,4165,3924,5141,4124,6600,5823,3523
2021-09-21,1443,1497,2553,2629,3186,3127,3505,3498,2398,2409,3692,4041,2511,3490,3117,4101,3736,1874,4133,3906,5109,4110,6577,5764,3490
2021-09-20,1425,1467,2537,2612,3153,3096,3492,3450,2364,2388,3661,4020,2498,3459,3096,4073,3687,1855,4109,3888,5081,4094,6544,5719,3473
2021-09-19,1410,1455,2530,2588,3134,3072,3469,3422,2346,2375,3633,4002,2483,3434,3074,4054,3650,1837,4081,3872,5053,4071,6523,5664,3454
2021-09-18,1397,1432,2516,2573,3110,3030,3447,3392,2329,2351,3605,3978,2465,3399,3056,4028,3593,1826,4038,3855,5016,4045,6487,5596,3424
2021-09-17,1381,1408,2506,2561,3089,3002,3433,3368,2313,2327,3578,3954,2449,3382,3016,4000,3542,1816,4003,3835,4980,4024,6454,5524,3388
2021-09-16,1368,1392,2500,2548,3078,2968,3408,3353,2296,2311,3544,3925,2423,3350,2995,3966,3475,1790,3969,3817,4946,3995,6389,5460,3365
2021-09-15,1356,1372,2493,2531,3059,2944,3400,3334,2283,2294,3521,3895,2394,3304,2981,3936,3410,1773,3924,3791,4917,3971,6344,5393,3340
2021-09-14,1347,1359,2480,2520,3031,2911,3380,3310,2265,2274,3498,3857,2373,3262,2953,3906,3349,1756,3865,3762,4881,3940,6289,5312,3315
2021-09-13,1341,1344,2470,2505,3002,2893,3367,3297,2252,2261,3479,3818,2365,3246,2936,3881,3310,1741,3837,3744,4857,3916,6257,5268,3296
2021-09-12,1334,1334,2459,2477,2981,2867,3349,3273,2244,2249,3450,3794,2352,3221,2925,3862,3282,1720,3807,3721,4827,3899,6233,5228,3274
2021-09-11,1324,1323,2441,2456,2941,2846,3326,3245,2229,2234,3423,3757,2338,3210,2908,3830,3246,1710,3774,3698,4784,3878,6199,5175,3242
2021-09-10,1318,1311,2429,2441,2903,2818,3314,3225,2208,2217,3401,3720,2328,3187,2894,3809,3207,1686,3720,3674,4744,3860,6158,5121,3219
2021-09-09,1309,1306,2411,2421,2867,2797,3292,3207,2186,2209,3389,3670,2314,3157,2875,3789,3154,1663,3678,3648,4711,3841,6123,5073,3186
2021-09-08,1304,1290,2398,2401,2838,2777,3264,3189,2175,2194,3371,3646,2289,3131,2856,3768,3106,1649,3633,3627,4666,3817,6085,5021,3162
2021-09-07,1294,1278,2382,2387,2802,2757,3238,3165,2161,2181,3363,3596,2268,3112,2840,3752,3054,1630,3583,3607,4622,3793,6044,4987,3140
2021-09-06,1286,1270,2374,2379,2781,2745,3228,3150,2148,2171,3347,3572,2257,3085,2830,3731,3014,1609,3548,3587,4604,3778,6010,4952,3119
2021-09-05,1280,1260,2371,2365,2762,2733,3210,3132,2144,2159,3329,3544,2250,3076,2818,3713,2973,1598,3525,3567,4564,3761,5976,4931,3099
2021-09-04,1278,1244,2362,2343,2738,2715,3193,3117,2138,2154,3310,3512,2235,3064,2805,3686,2943,1586,3504,3551,4520,3744,5930,4904,3080
2021-09-03,1272,1232,2350,2327,2716,2697,3171,3104,2129,2148,3296,3471,2221,3048,2784,3666,2915,1568,3468,3525,4488,3717,5882,4869,3049
2021-09-02,1267,1223,2340,2314,2698,2672,3145,3091,2121,2135,3276,3436,2211,3031,2766,3650,2886,1555,3435,3490,4461,3688,5843,4832,3026
2021-09-01,1261,1213,2333,2291,2678,2650,3113,3078,2113,2128,3256,3414,2201,3014,2740,3629,2850,1535,3402,3467,4430,3668,5806,4789,3005
2021-08-31,1245,1197,2321,2275,2657,2623,3092,3065,2101,2111,3244,3381,2179,3000,2713,3602,2819,1516,3370,3444,4395,3635,5733,4741,2975
2021-08-30,1235,1191,2308,2259,2637,2611,3071,3054,2089,2104,3228,3362,2167,2988,2688,3587,2800,1502,3354,3424,4371,3605,5703,4713,2963
2021-08-29,1231,1187,2299,2252,2622,2590,3043,3042,2078,2099,3218,3339,2156,2971,2658,3563,2782,1490,3331,3402,4342,3597,5667,4687,2952
2021-08-28,1223,1182,2290,2239,2604,2564,3022,3023,2070,2093,3200,3306,2138,2960,2635,3533,2758,1475,3295,3381,4308,3576,5628,4662,2943
2021-08-27,1217,1175,2280,2220,2579,2544,3001,3001,2058,2081,3180,3271,2118,2939,2617,3509,2735,1447,3248,3360,4275,3553,5578,4638,2937
2021-08-26,1212,1166,2264,2201,2549,2526,2977,2986,2051,2073,3168,3241,2106,2917,2603,3480,2699,1436,3210,3333,4236,3536,5521,4602,2927
2021-08-25,1206,1153,2256,2188,2526,2511,2952,2969,2042,2069,3158,3203,2085,2891,2589,3459,2679,1427,3164,3311,4189,3510,5472,4570,2908
2021-08-24,1198,1152,2244,2172,2501,2499,2935,2951,2029,2057,3144,3160,2066,2860,2558,3430,2643,1414,3117,3283,4139,3477,5406,4534,2887
2021-08-23,1187,1149,2236,2163,2480,2489,2920,2939,2020,2053,3127,3143,2054,2836,2540,3410,2631,1405,3092,3263,4116,3457,5358,4509,2869
2021-08-22,1182,1140,2226,2151,2467,2477,2901,2927,2014,2044,3119,3122,2046,2816,2517,3393,2614,1394,3074,3243,4097,3434,5322,4488,2864
2021-08-21,1178,1135,2210,2143,2445,2460,2877,2904,1996,2037,3106,3090,2023,2786,2502,3379,2593,1379,3048,3227,4068,3413,5289,4461,2851
2021-08-20,1168,1135,2195,2126,2430,2449,2842,2884,1990,2034,3094,3061,1995,2756,2476,3348,2580,1374,3023,3204,4046,3388,5238,4434,2835
2021-08-19,1162,1129,2187,2106,2412,2422,2825,2861,1978,2026,3083,3024,1971,2730,2459,3312,2559,1366,3001,3189,4015,3366,5183,4400,2810
2021-08-18,1158,1110,2171,2091,2395,2409,2794,2837,1958,2020,3067,2988,1949,2699,2442,3298,2533,1358,2982,3164,3990,3346,5131,4370,2790
2021-08-17,1148,1093,2154,2081,2380,2400,2778,2828,1953,2006,3058,2958,1937,2668,2409,3278,2522,1340,2955,3144,3968,3319,5083,4339,2772
2021-08-16,1144,1085,2145,2071,2366,2387,2766,2813,1944,1997,3047,2945,1927,2641,2397,3263,2503,1337,2935,3129,3941,3305,5052,4323,2762
2021-08-15,1138,1078,2134,2061,2358,2378,2754,2796,1937,1992,3035,2930,1904,2618,2382,3246,2494,1324,2919,3105,3924,3291,5021,4298,2755
2021-08-14,1136,1071,2122,2052,2327,2360,2736,2779,1926,1988,3021,2905,1886,2595,2372,3223,2481,1313,2891,3083,3884,3269,4969,4270,2747
2021-08-13,1126,1050,2107,2045,2308,2343,2718,2762,1915,1979,3004,2883,1871,2562,2358,3205,2455,1300,2864,3067,3849,3245,4929,4238,2729
2021-08-12,1112,1042,2091,2029,2300,2330,2696,2736,1906,1969,2985,2860,1856,2528,2335,3189,2433,1287,2830,3045,3809,3228,4891,4205,2716
2021-08-11,1103,1038,2067,2014,2271,2314,2681,2721,1895,1957,2969,2844,1838,2502,2322,3169,2419,1266,2794,3020,3752,3210,4858,4179,2701
2021-08-10,1090,1024,2040,2006,2249,2292,2659,2700,1879,1941,2955,2827,1811,2471,2301,3134,2395,1255,2769,2987,3705,3166,4804,4131,2681
2021-08-09,1080,1021,2028,1999,2239,2286,2647,2685,1867,1929,2950,2811,1798,2453,2284,3121,2385,1248,2757,2976,3685,3149,4776,4091,2666
2021-08-08,1070,1017,2018,1988,2230,2276,2635,2658,1855,1925,2941,2795,1793,2443,2268,3099,2356,1239,2730,2954,3662,3130,4745,4054,2654
2021-08-07,1062,1004,2012,1973,2224,2266,2623,2644,1850,1917,2926,2782,1770,2412,2253,3080,2338,1226,2701,2931,3623,3112,4712,4023,2642
2021-08-06,1059,993,1993,1971,2213,2254,2608,2627,1836,1909,2914,2770,1745,2390,2233,3063,2304,1213,2683,2899,3589,3089,4671,3987,2620
2021-08-05,1052,989,1971,1963,2194,2237,2601,2618,1818,1903,2903,2749,1728,2366,2211,3047,2285,1203,2651,2876,3562,3070,4633,3957,2610
2021-08-04,1046,982,1943,1953,2185,2227,2593,2606,1803,1896,2885,2727,1713,2348,2197,3032,2265,1194,2622,2845,3522,3045,4612,3931,2596
2021-08-03,1034,970,1918,1936,2170,2216,2591,2594,1794,1887,2875,2718,1692,2322,2174,3009,2244,1185,2603,2830,3478,3024,4571,3900,2575
2021-08-02,1029,963,1907,1931,2159,2211,2589,2580,1790,1880,2864,2707,1686,2311,2150,2997,2230,1175,2584,2817,3462,3009,4547,3886,2552
2021-08-01,1028,958,1892,1922,2147,2206,2579,2562,1785,1878,2852,2695,1672,2302,2137,2978,2222,1160,2561,2792,3429,2992,4518,3862,2547
2021-07-31,1019,943,1876,1914,2135,2200,2569,2548,1771,1870,2831,2672,1661,2281,2128,2957,2203,1141,2534,2770,3386,2967,4488,3837,2528
2021-07-30,1014,936,1867,1900,2127,2184,2559,2534,1759,1861,2817,2651,1649,2265,2107,2948,2171,1129,2509,2741,3346,2941,4449,3804,2507
2021-07-29,1008,928,1853,1891,2107,2173,2549,2522,1746,1855,2795,2637,1629,2249,2093,2928,2151,1112,2483,2707,3310,2908,4425,3766,2483
2021-07-28,1003,917,1846,1881,2090,2163,2537,2505,1738,1847,2772,2619,1601,2237,2067,2916,2131,1106,2451,2671,3249,2872,4393,3738,2465
2021-07-27,997,908,1832,1872,2065,2152,2516,2489,1726,1839,2755,2589,1578,2214,2046,2896,2110,1087,2424,2636,3194,2853,4354,3704,2438
2021-07-26,995,906,1819,1861,2057,2145,2504,2476,1721,1829,2748,2570,1567,2196,2036,2875,2099,1072,2408,2606,3163,2845,4336,3685,2421
2021-07-25,991,899,1812,1847,2045,2137,2498,2466,1709,1825,2737,2558,1557,2185,2027,2857,2077,1061,2386,2590,3133,2832,4311,3672,2401
2021-07-24,981,892,1800,1841,2031,2129,2481,2449,1697,1817,2726,2535,1538,2154,2028,2838,2050,1051,2358,2557,3082,2805,4278,3651,2379
2021-07-23,976,885,1785,1825,2013,2120,2456,2441,1680,1804,2714,2522,1518,2133,2016,2830,2030,1038,2346,2526,3042,2784,4246,3617,2361
2021-07-22,969,874,1766,1808,1994,2108,2438,2425,1665,1798,2701,2496,1501,2109,2007,2802,2004,1022,2328,2496,3010,2752,4207,3593,2336
2021-07-21,958,871,1752,1786,1985,2090,2424,2418,1655,1780,2679,2476,1491,2094,1997,2784,1983,1011,2312,2470,2950,2723,4173,3567,2308
2021-07-20,948,867,1725,1769,1962,2082,2410,2391,1644,1766,2659,2446,1461,2067,1975,2765,1956,998,2289,2427,2889,2690,4136,3541,2293
2021-07-19,943,862,1716,1759,1947,2077,2397,2370,1638,1753,2644,2430,1455,2052,1960,2757,1934,991,2262,2399,2855,2664,4101,3527,2283
2021-07-18,934,855,1703,1746,1939,2066,2380,2351,1629,1740,2628,2415,1447,2028,1955,2740,1915,984,2237,2379,2824,2640,4070,3505,2260
2021-07-17,928,847,1684,1734,1921,2052,2364,2333,1614,1730,2602,2398,1433,2008,1947,2728,1890,967,2220,2350,2768,2606,4039,3468,2249
2021-07-16,919,841,1664,1718,1915,2038,2338,2314,1592,1718,2582,2383,1422,1981,1930,2697,1866,954,2201,2331,2706,2571,3989,3441,2236
2021-07-15,914,830,1650,1703,1899,2026,2314,2295,1571,1703,2551,2368,1411,1954,1922,2672,1842,946,2180,2298,2652,2541,3938,3407,2222
2021-07-14,906,823,1635,1683,1879,2016,2295,2285,1551,1688,2524,2351,1403,1927,1907,2651,1828,936,2154,2278,2598,2520,3892,3374,2212
2021-07-13,901,813,1611,1662,1866,2006,2269,2257,1532,1671,2500,2326,1388,1892,1882,2624,1799,926,2123,2256,2555,2482,3836,3332,2195
2021-07-12,888,808,1598,1643,1853,1996,2258,2242,1525,1664,2478,2306,1384,1872,1867,2605,1786,915,2105,2240,2527,2472,3792,3302,2182
2021-07-11,883,806,1589,1633,1831,1986,2248,2235,1513,1651,2462,2289,1378,1855,1851,2587,1769,905,2087,2221,2501,2449,3750,3267,2172
2021-07-10,879,803,1575,1601,1816,1959,2239,2220,1507,1631,2444,2275,1367,1830,1836,2571,1755,894,2066,2197,2474,2423,3689,3231,2153
2021-07-09,870,793,1560,1580,1799,1942,2231,2201,1496,1616,2421,2264,1352,1803,1819,2549,1734,883,2044,2172,2442,2396,3631,3215,2139
2021-07-08,869,788,1543,1559,1775,1919,2219,2180,1483,1591,2407,2243,1342,1783,1806,2529,1717,871,2026,2149,2419,2367,3587,3188,2114
2021-07-07,864,778,1525,1524,1753,1906,2206,2158,1468,1567,2387,2221,1329,1765,1796,2508,1700,860,2004,2126,2401,2340,3528,3162,2082
2021-07-06,853,770,1499,1499,1726,1891,2201,2137,1464,1555,2370,2196,1314,1742,1774,2475,1679,853,1967,2111,2370,2308,3461,3130,2061
2021-07-05,850,768,1483,1481,1715,1881,2189,2122,1459,1549,2347,2186,1303,1731,1763,2465,1675,846,1954,2102,2357,2289,3426,3109,2054
2021-07-04,842,760,1464,1475,1702,1865,2180,2114,1455,1543,2329,2179,1295,1717,1750,2452,1670,839,1939,2093,2339,2270,3392,3090,2050
2021-07-03,835,756,1451,1460,1693,1858,2175,2097,1444,1530,2314,2168,1284,1700,1745,2440,1667,832,1929,2085,2331,2252,3373,3070,2042
2021-07-02,830,750,1428,1451,1687,1846,2166,2083,1439,1515,2295,2152,1276,1679,1736,2423,1663,829,1908,2077,2312,2235,3320,3047,2033
2021-07-01,823,748,1411,1442,1677,1836,2162,2071,1431,1504,2279,2141,1261,1661,1729,2403,1653,827,1896,2055,2297,2215,3269,3028,2024
2021-06-30,821,747,1398,1429,1668,1823,2151,2059,1417,1497,2269,2133,1256,1640,1720,2388,1649,824,1886,2044,2284,2195,3212,3007,2006
2021-06-29,820,738,1383,1411,1650,1806,2146,2047,1405,1486,2262,2119,1250,1620,1711,2361,1641,820,1874,2032,2273,2172,3163,2990,1991
2021-06-28,818,735,1377,1407,1636,1800,2142,2037,1400,1485,2256,2111,1244,1607,1705,2350,1633,819,1867,2029,2270,2161,3128,2979,1981
2021-06-27,815,733,1370,1400,1626,1794,2138,2031,1397,1482,2249,2101,1240,1599,1693,2344,1628,814,1860,2023,2267,2155,3098,2968,1975
2021-06-26,810,731,1361,1373,1619,1790,2134,2020,1396,1481,2242,2089,1225,1588,1688,2335,1616,813,1851,2015,2263,2146,3070,2952,1968
2021-06-25,806,730,1351,1360,1606,1787,2126,2011,1391,1476,2232,2076,1215,1572,1685,2324,1609,805,1840,2007,2255,2137,3032,2939,1952
2021-06-24,802,724,1343,1347,1601,1782,2120,1995,1388,1474,2219,2062,1206,1553,1679,2320,1596,803,1820,2004,2238,2119,3001,2930,1940
2021-06-23,796,718,1334,1333,1600,1781,2116,1988,1382,1470,2208,2049,1201,1543,1675,2303,1590,801,1805,2000,2226,2103,2968,2912,1928
2021-06-22,795,716,1326,1325,1590,1773,2111,1977,1381,1464,2194,2043,1193,1537,1663,2289,1585,800,1794,1991,2205,2090,2941,2905,1917
2021-06-21,795,718,1321,1322,1585,1770,2107,1969,1376,1463,2193,2040,1192,1533,1654,2283,1583,799,1790,1988,2196,2082,2915,2897,1913
2021-06-20,794,717,1309,1305,1568,1764,2098,1960,1370,1458,2186,2031,1188,1518,1644,2276,1569,790,1774,1971,2186,2061,2867,2884,1909
2021-06-19,794,717,1309,1305,1568,1764,2098,1960,1370,1458,2186,2031,1188,1518,1644,2276,1569,790,1774,1971,2186,2061,2867,2884,1909
2021-06-18,791,716,1300,1299,1560,1758,2089,1955,1368,1456,2176,2023,1185,1511,1637,2269,1561,784,1752,1962,2182,2053,2849,2867,1907
2021-06-17,789,714,1286,1293,1553,1750,2085,1945,1366,1456,2162,2020,1184,1504,1630,2266,1556,782,1742,1954,2169,2040,2830,2851,1898
2021-06-16,788,709,1273,1287,1546,1741,2076,1937,1364,1449,2156,2018,1183,1493,1626,2260,1553,780,1736,1946,2150,2026,2800,2839,1894
2021-06-15,786,708,1262,1277,1532,1732,2070,1936,1354,1445,2155,2010,1179,1485,1623,2255,1547,777,1728,1944,2138,2010,2769,2825,1886
2021-06-14,784,706,1260,1274,1530,1724,2066,1934,1349,1442,2148,2010,1177,1481,1618,2251,1545,776,1725,1939,2134,2002,2745,2811,1875
2021-06-13,781,704,1251,1270,1522,1717,2063,1929,1347,1441,2145,2005,1175,1475,1616,2250,1543,774,1721,1937,2128,1994,2728,2804,1868
2021-06-12,780,703,1245,1266,1516,1703,2060,1925,1343,1437,2139,2000,1165,1468,1611,2249,1540,769,1715,1932,2126,1985,2701,2783,1863
2021-06-11,778,700,1238,1257,1506,1693,2056,1920,1332,1436,2128,1993,1157,1461,1602,2244,1536,765,1711,1926,2107,1973,2684,2769,1858
2021-06-10,774,692,1224,1254,1501,1683,2054,1909,1319,1434,2119,1985,1151,1454,1591,2243,1528,763,1705,1924,2097,1965,2660,2758,1848
2021-06-09,769,687,1213,1248,1495,1677,2048,1904,1313,1430,2112,1979,1143,1451,1588,2234,1522,761,1693,1913,2092,1950,2628,2744,1841
2021-06-08,768,688,1203,1243,1491,1674,2044,1902,1314,1426,2107,1968,1140,1441,1583,2229,1518,758,1677,1905,2084,1939,2602,2730,1835
2021-06-07,767,687,1194,1239,1486,1673,2040,1894,1310,1424,2102,1964,1140,1436,1577,2222,1512,754,1669,1901,2081,1930,2588,2721,1825
2021-06-06,765,686,1185,1236,1484,1668,2035,1887,1305,1423,2099,1961,1137,1432,1573,2218,1508,750,1661,1889,2066,1922,2578,2704,1815
2021-06-05,764,682,1181,1230,1481,1664,2029,1880,1302,1422,2087,1953,1131,1424,1568,2211,1506,744,1655,1876,2057,1913,2560,2687,1808
2021-06-04,762,676,1179,1223,1468,1658,2019,1864,1292,1419,2064,1945,1128,1419,1558,2209,1499,742,1640,1864,2050,1895,2538,2660,1792
2021-06-03,761,674,1174,1216,1456,1651,2012,1855,1290,1414,2056,1940,1122,1410,1554,2205,1496,737,1637,1848,2042,1889,2522,2632,1772
2021-06-02,759,673,1166,1213,1450,1644,2004,1848,1280,1408,2047,1936,1113,1397,1546,2194,1495,732,1631,1838,2035,1882,2502,2616,1755
2021-06-01,758,671,1160,1204,1442,1637,1979,1840,1267,1397,2039,1928,1105,1390,1542,2189,1493,723,1627,1827,2029,1864,2477,2599,1741
2021-05-31,758,670,1160,1202,1436,1634,1973,1827,1251,1390,2028,1923,1100,1387,1539,2183,1489,719,1624,1824,2028,1856,2457,2591,1737
2021-05-30,758,669,1158,1195,1434,1629,1961,1823,1244,1388,2020,1923,1097,1379,1534,2177,1487,711,1619,1820,2024,1853,2443,2581,1730
2021-05-29,755,669,1154,1190,1428,1622,1957,1812,1238,1383,2008,1921,1084,1374,1529,2171,1482,706,1618,1816,2019,1848,2427,2565,1724
2021-05-28,754,667,1139,1184,1418,1620,1944,1806,1234,1378,1998,1919,1076,1364,1528,2168,1477,702,1612,1813,2016,1836,2411,2537,1717
2021-05-27,752,660,1129,1177,1415,1612,1937,1801,1226,1373,1986,1910,1067,1356,1520,2159,1464,695,1602,1809,2012,1826,2397,2521,1711
2021-05-26,748,660,1123,1170,1408,1608,1924,1794,1220,1371,1975,1901,1056,1347,1516,2155,1459,693,1594,1803,2005,1809,2378,2499,1695
2021-05-25,743,656,1111,1159,1397,1607,1911,1784,1206,1363,1961,1898,1041,1342,1512,2148,1451,685,1578,1796,1996,1789,2361,2480,1679
2021-05-24,743,655,1104,1156,1397,1603,1901,1775,1202,1358,1954,1892,1036,1339,1512,2146,1445,675,1576,1793,1994,1780,2351,2466,1665
2021-05-23,742,653,1102,1149,1388,1595,1896,1771,1199,1355,1944,1889,1031,1338,1511,2144,1443,674,1571,1784,1989,1777,2339,2450,1653
2021-05-22,739,651,1097,1147,1378,1593,1890,1763,1196,1340,1934,1882,1025,1332,1510,2140,1437,668,1564,1774,1980,1774,2330,2424,1636
2021-05-21,737,646,1092,1142,1363,1586,1880,1757,1184,1350,1922,1871,1019,1322,1504,2131,1436,662,1556,1769,1976,1762,2320,2405,1624
2021-05-20,737,645,1087,1138,1354,1579,1870,1752,1176,1348,1909,1866,1015,1314,1497,2126,1433,657,1547,1765,1972,1759,2308,2384,1614
2021-05-19,734,641,1084,1133,1347,1560,1863,1738,1174,1341,1898,1859,1004,1311,1492,2113,1422,650,1535,1758,1961,1753,2283,2360,1601
2021-05-18,728,637,1081,1128,1342,1554,1853,1730,1168,1332,1889,1851,999,1300,1482,2103,1410,645,1523,1747,1952,1744,2251,2343,1588
2021-05-17,724,635,1077,1126,1333,1547,1850,1721,1155,1323,1880,1844,998,1297,1478,2098,1403,643,1515,1743,1946,1738,2235,2332,1576
2021-05-16,722,634,1075,1120,1325,1539,1842,1710,1147,1316,1866,1840,989,1291,1471,2095,1389,642,1508,1730,1939,1735,2221,2320,1558
2021-05-15,716,630,1073,1118,1317,1534,1830,1696,1139,1306,1852,1833,979,1290,1463,2088,1384,638,1497,1724,1931,1729,2192,2313,1549
2021-05-14,711,629,1066,1115,1314,1525,1813,1684,1123,1289,1833,1825,976,1283,1461,2080,1370,631,1480,1716,1918,1720,2176,2300,1543
2021-05-13,710,627,1062,1108,1313,1517,1806,1674,1104,1277,1813,1822,971,1277,1457,2072,1364,627,1472,1708,1901,1705,2165,2282,1531
2021-05-12,703,626,1056,1098,1307,1506,1792,1670,1093,1268,1793,1814,969,1268,1450,2067,1357,623,1463,1703,1892,1693,2147,2271,1515
2021-05-11,702,621,1049,1096,1302,1501,1783,1658,1084,1260,1783,1806,962,1268,1438,2060,1346,615,1451,1696,1877,1679,2127,2263,1507
2021-05-10,702,622,1045,1089,1293,1490,1774,1651,1071,1253,1773,1799,959,1265,1431,2054,1343,611,1444,1686,1874,1673,2113,2257,1502
2021-05-09,702,620,1042,1082,1286,1482,1766,1641,1067,1249,1766,1788,959,1261,1422,2050,1342,611,1444,1680,1867,1667,2100,2250,1493
2021-05-08,699,616,1041,1075,1278,1475,1762,1625,1059,1236,1750,1780,956,1252,1414,2045,1338,605,1441,1667,1864,1659,2083,2242,1488
2021-05-07,698,610,1038,1067,1274,1462,1759,1611,1044,1225,1736,1765,945,1248,1408,2034,1336,602,1436,1660,1860,1653,2045,2229,1476
2021-05-06,698,609,1035,1058,1268,1458,1752,1609,1029,1213,1729,1750,942,1247,1405,2031,1323,598,1425,1657,1849,1647,2034,2216,1470
2021-05-05,696,600,1025,1050,1259,1451,1740,1603,1021,1194,1723,1743,937,1245,1400,2024,1319,594,1415,1653,1841,1633,2015,2204,1464
2021-05-04,694,596,1016,1047,1248,1432,1729,1591,1015,1188,1712,1733,933,1233,1393,2019,1317,591,1403,1638,1831,1623,1999,2187,1456
2021-05-03,691,595,1012,1042,1238,1422,1720,1584,1005,1186,1708,1718,930,1231,1389,2012,1312,588,1398,1628,1820,1618,1982,2178,1441
2021-05-02,690,592,1008,1040,1232,1416,1713,1578,1001,1182,1695,1710,928,1226,1386,2007,1312,585,1396,1619,1818,1610,1970,2171,1438
2021-05-01,687,589,1002,1034,1231,1405,1703,1574,1000,1177,1687,1706,922,1225,1381,2000,1310,577,1390,1615,1803,1597,1951,2158,1427
2021-04-30,680,587,994,1033,1228,1391,1696,1566,997,1172,1677,1694,921,1218,1376,1991,1306,575,1376,1604,1793,1587,1939,2146,1418
2021-04-29,677,587,988,1028,1222,1385,1689,1560,989,1165,1670,1676,916,1214,1366,1986,1299,576,1366,1587,1778,1576,1917,2130,1410
2021-04-28,674,582,980,1017,1212,1361,1676,1554,983,1158,1660,1667,915,1204,1360,1980,1293,572,1359,1582,1771,1569,1898,2115,1402
2021-04-27,672,581,975,1011,1202,1347,1657,1548,980,1146,1648,1655,911,1194,1356,1972,1290,565,1349,1567,1757,1559,1870,2099,1389
2021-04-26,671,580,973,1009,1196,1338,1651,1547,980,1141,1645,1648,912,1190,1353,1966,1288,565,1346,1562,1752,1556,1855,2090,1376
2021-04-25,668,579,968,1001,1188,1333,1641,1546,976,1131,1639,1641,909,1187,1349,1963,1285,562,1338,1557,1744,1549,1843,2073,1371
2021-04-24,666,576,964,993,1182,1326,1635,1542,969,1125,1629,1635,906,1182,1342,1954,1279,556,1334,1546,1736,1541,1832,2063,1362
2021-04-23,665,569,960,984,1164,1313,1622,1539,966,1123,1616,1626,901,1172,1334,1938,1275,556,1326,1535,1731,1523,1811,2050,1341
2021-04-22,661,568,957,971,1150,1307,1608,1531,953,1116,1607,1620,900,1170,1327,1929,1274,552,1315,1534,1720,1514,1797,2039,1329
2021-04-21,658,565,955,963,1142,1293,1597,1525,941,1096,1594,1613,896,1164,1321,1924,1271,545,1305,1529,1706,1503,1779,2023,1323
2021-04-20,654,560,951,955,1134,1277,1585,1519,932,1089,1585,1602,890,1155,1313,1920,1264,542,1299,1521,1698,1493,1768,2003,1314
2021-04-19,652,558,950,951,1127,1267,1577,1510,925,1083,1579,1587,887,1151,1308,1915,1260,541,1297,1520,1689,1483,1758,1996,1310
2021-04-18,651,558,946,947,1119,1260,1567,1505,920,1079,1573,1580,884,1147,1302,1910,1258,539,1295,1509,1684,1469,1751,1986,1308
2021-04-17,648,553,943,939,1110,1254,1560,1494,915,1079,1565,1570,879,1141,1293,1898,1252,536,1290,1497,1673,1460,1736,1976,1294
2021-04-16,648,548,940,930,1100,1248,1549,1489,910,1076,1559,1559,878,1134,1290,1890,1245,532,1282,1487,1663,1451,1709,1964,1278
2021-04-15,648,547,938,923,1094,1241,1544,1481,907,1068,1546,1539,871,1127,1286,1885,1235,523,1271,1478,1654,1439,1689,1948,1269
2021-04-14,647,546,936,918,1084,1236,1522,1472,905,1066,1535,1530,864,1120,1281,1874,1229,519,1258,1477,1642,1427,1668,1930,1261
2021-04-13,645,544,931,913,1073,1223,1505,1467,898,1059,1527,1516,858,1112,1276,1868,1226,514,1251,1469,1620,1413,1650,1902,1249
2021-04-12,641,543,928,906,1058,1220,1502,1461,894,1049,1522,1509,854,1110,1268,1863,1224,513,1245,1456,1612,1402,1639,1898,1242
2021-04-11,641,541,925,900,1041,1215,1494,1451,893,1040,1513,1501,854,1105,1263,1860,1223,512,1240,1447,1604,1388,1631,1888,1235
2021-04-10,638,541,918,900,1039,1202,1478,1437,893,1036,1507,1492,850,1098,1243,1848,1219,509,1236,1431,1598,1367,1619,1875,1231
2021-04-09,636,537,914,896,1032,1191,1465,1428,892,1023,1501,1479,845,1091,1235,1842,1215,506,1229,1419,1591,1358,1603,1866,1219
2021-04-08,636,535,910,887,1028,1177,1445,1416,891,1019,1487,1463,842,1088,1232,1829,1209,504,1220,1410,1581,1344,1595,1853,1216
2021-04-07,632,532,909,880,1026,1167,1427,1406,888,1015,1470,1449,838,1085,1227,1822,1204,504,1210,1397,1571,1307,1575,1842,1205
2021-04-06,626,530,906,873,1019,1159,1414,1395,883,1012,1464,1426,836,1083,1226,1813,1195,498,1200,1385,1559,1298,1564,1834,1195
2021-04-05,626,530,906,868,1011,1152,1407,1388,881,1008,1460,1409,833,1080,1224,1809,1188,497,1199,1372,1547,1286,1559,1822,1190
2021-04-04,625,529,904,860,1004,1150,1398,1384,877,1006,1452,1404,830,1075,1220,1804,1180,497,1196,1363,1526,1268,1555,1812,1187
2021-04-03,625,527,902,854,999,1149,1391,1378,876,1002,1444,1394,829,1070,1218,1798,1177,497,1192,1350,1510,1258,1547,1801,1181
2021-04-02,624,526,900,852,994,1148,1382,1374,869,1000,1436,1376,825,1062,1211,1794,1172,495,1187,1346,1503,1247,1536,1792,1180
2021-04-01,621,525,892,850,990,1144,1369,1366,868,998,1427,1367,823,1052,1205,1785,1167,493,1178,1339,1500,1240,1521,1777,1174
2021-03-31,620,522,888,842,987,1139,1356,1361,862,993,1419,1354,819,1048,1199,1774,1162,490,1172,1329,1492,1232,1500,1757,1166
2021-03-30,615,519,882,836,980,1137,1347,1360,852,988,1418,1342,817,1043,1195,1769,1152,488,1168,1322,1479,1225,1493,1748,1162
2021-03-29,608,515,881,830,972,1135,1325,1358,847,986,1415,1337,812,1038,1192,1760,1143,487,1166,1313,1476,1214,1491,1744,1156
2021-03-28,605,514,879,824,967,1132,1318,1356,841,984,1412,1333,806,1034,1192,1756,1142,486,1163,1310,1473,1209,1483,1738,1147
2021-03-27,603,512,876,820,961,1128,1310,1348,836,982,1405,1332,804,1025,1191,1754,1129,485,1158,1305,1469,1200,1475,1731,1135
2021-03-26,603,508,874,816,956,1124,1307,1343,832,979,1400,1329,803,1018,1182,1748,1125,484,1156,1297,1461,1193,1467,1724,1129
2021-03-25,602,506,870,813,953,1121,1303,1337,824,979,1394,1325,799,1014,1177,1743,1123,484,1151,1289,1453,1180,1460,1722,1119
2021-03-24,602,502,869,811,949,1117,1301,1334,821,974,1376,1317,798,1012,1175,1735,1122,482,1146,1286,1449,1173,1447,1719,1113
2021-03-23,597,498,865,807,946,1114,1292,1330,817,972,1367,1308,794,1007,1169,1732,1116,482,1142,1279,1438,1172,1440,1717,1100
2021-03-22,597,494,860,803,943,1113,1291,1326,813,970,1365,1299,793,1005,1165,1729,1111,481,1139,1273,1435,1170,1427,1710,1095
2021-03-21,595,492,853,801,939,1113,1289,1319,810,969,1353,1296,790,1002,1163,1726,1107,480,1138,1269,1431,1168,1417,1698,1089
2021-03-20,593,488,846,795,931,1106,1286,1313,807,963,1346,1291,790,1000,1162,1721,1103,480,1135,1257,1426,1164,1411,1692,1083
2021-03-19,592,485,836,787,918,1100,1280,1308,804,960,1342,1287,790,999,1158,1716,1102,478,1129,1255,1422,1161,1409,1685,1071
2021-03-18,589,480,835,777,901,1093,1272,1302,798,959,1337,1281,788,997,1151,1712,1101,478,1125,1253,1419,1157,1397,1677,1056
2021-03-17,586,475,828,771,894,1089,1264,1299,791,956,1331,1278,787,995,1150,1709,1098,478,1121,1250,1413,1150,1384,1674,1048
2021-03-16,583,472,820,765,885,1087,1257,1295,790,955,1327,1267,786,992,1147,1707,1092,477,1118,1243,1410,1149,1380,1665,1038
2021-03-15,581,472,816,762,875,1087,1250,1295,786,954,1322,1262,785,989,1144,1702,1091,477,1117,1237,1410,1146,1376,1659,1035
2021-03-14,578,469,812,760,870,1086,1246,1290,785,951,1316,1261,781,987,1136,1698,1088,477,1113,1225,1403,1144,1374,1650,1029
2021-03-13,576,466,806,758,862,1084,1233,1288,783,945,1310,1258,779,983,1133,1691,1087,476,1113,1221,1398,1139,1368,1643,1022
2021-03-12,575,463,800,751,854,1080,1228,1285,781,936,1304,1251,772,982,1126,1683,1081,475,1112,1215,1393,1131,1362,1634,1015
2021-03-11,573,460,799,745,847,1076,1222,1283,779,926,1294,1238,771,980,1122,1677,1078,474,1110,1210,1391,1122,1353,1626,1001
2021-03-10,571,457,794,742,822,1069,1215,1279,774,925,1287,1228,769,979,1118,1675,1070,474,1108,1210,1388,1117,1345,1616,994
2021-03-09,569,456,785,739,804,1064,1210,1275,769,918,1283,1214,765,977,1114,1672,1064,471,1102,1210,1387,1110,1339,1610,989
2021-03-08,568,455,776,738,800,1063,1205,1275,764,916,1281,1201,765,976,1110,1669,1057,470,1091,1209,1385,1105,1333,1606,982
2021-03-07,568,454,774,734,790,1062,1198,1269,763,911,1274,1194,765,975,1106,1667,1056,470,1087,1208,1383,1103,1330,1596,971
2021-03-06,568,452,771,732,776,1057,1194,1266,762,903,1262,1187,765,968,1101,1666,1053,469,1081,1197,1381,1100,1325,1593,961
2021-03-05,564,450,770,723,772,1051,1192,1261,759,898,1249,1177,761,964,1096,1665,1049,469,1076,1194,1378,1096,1314,1587,958
2021-03-04,563,449,769,720,763,1047,1179,1257,751,892,1237,1167,759,962,1096,1663,1049,468,1069,1188,1373,1094,1305,1581,950
2021-03-03,561,447,766,716,755,1037,1176,1249,751,887,1231,1156,755,959,1096,1659,1046,468,1067,1180,1372,1090,1295,1578,938
2021-03-02,561,445,766,709,745,1033,1172,1237,747,884,1226,1141,755,953,1093,1655,1044,468,1062,1174,1372,1087,1287,1574,931
2021-03-01,559,444,762,705,737,1029,1171,1229,743,881,1216,1134,755,948,1089,1650,1041,467,1059,1164,1371,1078,1279,1569,920
2021-02-28,557,443,757,703,734,1025,1168,1224,740,880,1207,1131,755,947,1085,1649,1039,465,1045,1157,1369,1074,1278,1566,917
2021-02-27,557,440,752,700,732,1012,1165,1220,736,874,1203,1130,754,946,1082,1648,1030,462,1038,1156,1355,1072,1276,1565,910
2021-02-26,557,437,745,699,717,999,1159,1218,733,868,1197,1121,751,943,1081,1645,1019,460,1034,1154,1348,1071,1271,1559,907
2021-02-25,555,434,737,698,706,995,1155,1209,731,862,1194,1118,750,938,1074,1640,1014,454,1029,1145,1342,1068,1270,1554,903
2021-02-24,555,428,729,696,704,993,1151,1201,731,858,1190,1117,749,934,1069,1637,1000,452,1021,1140,1337,1062,1262,1548,901
2021-02-23,554,422,723,694,691,991,1146,1193,729,852,1182,1110,742,929,1061,1633,994,449,1014,1135,1332,1059,1256,1546,899
2021-02-22,554,420,718,688,687,989,1142,1186,725,846,1173,1105,735,928,1053,1630,993,446,1014,1133,1327,1053,1250,1542,894
2021-02-21,552,419,714,681,680,988,1140,1176,723,844,1165,1104,732,927,1042,1624,991,445,1009,1128,1322,1048,1243,1537,889
2021-02-20,552,417,709,679,672,981,1135,1172,718,843,1158,1099,728,923,1036,1621,984,443,1004,1122,1315,1042,1241,1530,888
2021-02-19,552,415,699,675,664,978,1135,1168,715,836,1155,1094,726,923,1022,1618,979,441,995,1115,1313,1039,1236,1517,884
2021-02-18,549,415,689,671,654,972,1132,1152,709,829,1150,1085,719,922,1018,1614,963,439,986,1110,1306,1037,1231,1502,878
2021-02-17,548,407,675,665,649,970,1126,1132,707,826,1141,1076,717,917,1012,1609,954,438,980,1102,1293,1028,1226,1490,870
2021-02-16,548,403,647,652,644,961,1119,1126,703,818,1130,1066,710,908,1005,1605,944,433,970,1087,1275,1020,1219,1469,861
2021-02-15,547,396,636,648,644,954,1117,1124,696,811,1117,1062,708,901,1000,1600,928,431,961,1080,1268,1016,1215,1463,857
2021-02-14,545,390,628,646,642,950,1116,1114,693,808,1115,1056,707,897,995,1597,914,430,949,1075,1263,1013,1211,1454,844
2021-02-13,543,389,614,640,642,946,1106,1113,690,805,1109,1046,705,893,991,1595,896,428,940,1071,1261,1012,1208,1445,843
2021-02-12,540,387,607,637,635,942,1097,1103,689,803,1103,1042,702,892,987,1592,884,426,933,1066,1253,1008,1207,1436,836
2021-02-11,539,386,602,630,628,936,1092,1094,683,800,1093,1032,701,888,984,1591,857,423,928,1059,1247,1006,1206,1428,818
2021-02-10,538,379,593,622,623,924,1085,1087,674,794,1090,1025,698,886,981,1588,840,421,920,1050,1237,1003,1204,1417,805
2021-02-09,535,370,579,619,617,920,1074,1081,671,788,1086,1013,694,881,975,1582,834,418,911,1048,1232,997,1198,1412,795
2021-02-08,530,370,574,617,615,915,1072,1078,664,782,1081,1011,691,879,972,1580,832,417,908,1042,1228,993,1195,1411,794
2021-02-07,526,369,567,614,612,912,1065,1074,660,776,1076,1007,689,872,969,1579,828,413,904,1038,1224,989,1191,1405,792
2021-02-06,524,368,559,610,607,909,1063,1064,658,764,1064,997,682,870,965,1576,825,410,900,1032,1217,988,1189,1397,788
2021-02-05,523,366,551,605,604,907,1054,1051,652,760,1055,992,677,866,960,1569,822,409,897,1028,1211,984,1182,1390,784
2021-02-04,522,363,542,600,599,903,1037,1044,646,756,1047,988,671,865,959,1565,820,406,895,1024,1207,980,1181,1389,783
2021-02-03,520,359,536,597,593,897,1018,1035,637,750,1039,986,667,860,950,1561,813,403,891,1020,1203,974,1175,1377,777
2021-02-02,518,356,532,589,588,882,1009,1028,626,744,1034,978,663,856,949,1558,808,400,882,1012,1192,971,1167,1364,767
2021-02-01,515,356,526,586,582,868,1004,1021,619,741,1030,977,657,849,949,1554,804,398,878,1009,1187,969,1161,1360,761
2021-01-31,515,355,522,584,581,847,1001,1016,617,740,1022,977,657,846,947,1550,802,394,873,1007,1183,963,1154,1356,759
2021-01-30,514,354,517,582,581,842,996,1010,616,733,1017,975,654,845,946,1547,797,394,869,997,1179,960,1147,1351,752
2021-01-29,513,351,513,569,579,836,987,995,614,729,1007,970,653,844,942,1543,793,393,867,995,1170,958,1138,1347,745
2021-01-28,512,345,510,568,577,832,984,993,613,726,1003,968,649,841,937,1540,789,389,861,991,1163,956,1128,1336,743
2021-01-27,510,342,507,566,571,828,981,991,612,719,1001,960,648,837,935,1536,783,386,857,991,1156,952,1128,1332,739
2021-01-26,508,337,502,559,568,819,976,985,605,715,993,956,644,834,932,1531,772,385,855,989,1150,948,1123,1326,737
2021-01-25,502,333,500,559,567,810,974,979,601,707,982,953,644,832,930,1528,769,385,851,984,1145,943,1119,1324,732
2021-01-24,498,328,498,558,564,803,972,970,596,707,978,948,642,828,929,1520,767,385,847,980,1135,939,1117,1323,725
2021-01-23,493,324,495,558,563,792,965,968,594,696,968,945,637,822,927,1513,762,385,842,979,1131,934,1104,1318,724
2021-01-22,492,321,493,551,559,789,954,965,591,694,965,940,633,815,920,1502,761,384,838,972,1126,930,1096,1309,717
2021-01-21,490,318,493,548,558,789,946,962,589,691,957,936,631,811,913,1498,759,382,832,965,1124,922,1085,1302,713
2021-01-20,487,317,489,538,555,785,942,961,588,688,945,931,627,805,898,1494,753,381,829,961,1123,919,1077,1299,710
2021-01-19,484,316,486,533,552,781,929,954,586,677,939,929,624,799,887,1486,749,381,823,959,1117,913,1069,1295,706
2021-01-18,483,312,482,532,550,775,924,950,582,673,938,927,620,797,878,1482,740,380,822,955,1115,912,1062,1285,703
2021-01-17,480,310,478,520,547,764,922,945,576,669,933,924,613,791,872,1479,738,375,817,950,1113,905,1057,1279,699
2021-01-16,476,308,476,515,544,751,917,938,574,668,925,913,608,790,861,1470,728,370,815,945,1106,901,1050,1274,698
2021-01-15,475,307,469,507,540,744,910,926,570,664,919,906,607,786,857,1465,725,368,812,936,1102,896,1043,1263,691
2021-01-14,473,306,464,505,534,735,903,925,567,658,915,900,604,778,855,1463,717,364,807,930,1098,895,1040,1258,681
2021-01-13,469,300,457,505,531,726,898,918,559,655,913,896,600,766,853,1456,714,362,801,926,1094,890,1034,1252,678
2021-01-12,468,296,456,501,528,720,892,910,555,646,903,891,599,761,846,1442,713,360,797,919,1088,889,1025,1240,674
2021-01-11,462,293,453,494,526,707,881,908,549,638,892,879,597,752,840,1439,705,360,796,912,1082,885,1016,1236,663
2021-01-10,458,293,451,490,521,694,875,906,547,632,884,871,591,749,834,1436,702,358,792,902,1080,883,1009,1226,656
2021-01-09,449,293,450,487,514,689,868,899,541,627,879,862,579,746,822,1433,694,357,783,895,1072,879,1000,1216,646
2021-01-08,445,293,448,486,508,682,864,893,533,621,877,850,572,737,810,1426,690,356,768,886,1063,872,990,1201,642
2021-01-07,443,290,440,482,506,678,855,877,530,613,872,843,561,730,801,1417,681,352,758,882,1058,868,982,1185,633
2021-01-06,438,287,438,478,490,673,845,860,515,607,864,827,547,724,789,1403,673,346,750,878,1053,861,969,1178,623
2021-01-05,426,286,433,473,485,663,838,846,507,595,851,815,536,719,775,1382,654,343,742,869,1046,849,962,1157,622
2021-01-04,422,285,429,469,479,650,827,839,491,591,845,808,530,714,766,1378,645,336,731,861,1040,847,952,1146,611
2021-01-03,418,283,428,460,470,644,813,831,477,581,834,805,527,707,756,1363,636,331,717,851,1034,843,941,1138,603
2021-01-02,414,283,425,460,465,639,810,823,458,576,824,800,523,701,733,1354,628,327,709,845,1030,834,938,1126,591
2021-01-01,404,282,418,450,463,633,802,813,444,570,813,787,513,695,726,1341,625,326,694,809,1024,826,935,1118,581
2020-12-31,393,281,416,443,456,625,782,805,431,558,805,776,505,687,714,1334,618,320,679,792,1012,821,929,1104,576
2020-12-30,380,278,415,436,439,614,762,791,424,551,790,767,494,676,690,1322,603,309,669,777,985,812,920,1087,569
2020-12-29,376,272,406,428,426,602,734,770,411,543,773,750,487,671,672,1306,590,295,660,759,960,795,905,1067,563
2020-12-28,366,267,404,426,422,596,698,756,401,536,758,740,482,662,658,1295,581,291,653,747,934,782,895,1050,560
2020-12-27,359,261,398,413,414,587,673,746,391,529,741,723,478,652,641,1287,573,281,648,737,927,771,875,1033,546
2020-12-26,347,254,393,404,409,575,657,734,385,517,733,714,476,637,623,1265,553,271,643,731,905,760,859,1010,541
2020-12-25,340,251,385,400,404,559,635,723,377,495,717,683,470,626,590,1231,513,259,624,719,889,749,849,985,528
2020-12-24,331,246,371,397,391,551,627,709,370,490,709,665,463,605,575,1211,509,255,617,700,873,742,840,971,520
2020-12-23,322,242,362,391,378,539,613,699,361,479,698,651,454,581,563,1177,493,249,604,686,856,735,833,945,515
2020-12-22,308,237,356,382,360,529,599,684,353,476,680,627,445,552,540,1155,487,240,586,675,838,727,820,923,508
2020-12-21,293,226,347,376,351,519,580,667,346,465,648,618,432,539,531,1137,470,234,573,667,823,717,808,916,504
2020-12-20,264,218,339,367,346,507,562,655,338,458,640,606,419,527,519,1121,452,221,558,653,806,696,793,903,499
2020-12-19,244,213,336,360,342,497,551,647,327,451,631,589,409,511,511,1091,435,219,545,646,794,690,775,899,492
2020-12-18,211,205,329,354,328,477,530,633,323,444,620,571,403,501,503,1062,422,212,522,634,781,678,763,878,480
2020-12-17,195,198,328,348,315,445,512,613,307,442,604,556,388,487,492,1034,400,207,493,630,765,663,749,849,463
2020-12-16,186,189,318,327,308,431,498,604,290,435,596,551,377,456,474,1010,385,198,457,607,749,649,733,825,443
2020-12-15,176,178,314,312,296,416,486,588,276,422,584,531,367,437,459,987,374,187,431,594,740,638,719,804,425
2020-12-14,174,171,312,307,288,409,482,580,264,415,577,517,357,429,453,956,365,183,424,576,724,633,701,791,416
2020-12-13,171,167,308,299,276,403,474,569,257,407,568,510,354,420,445,923,363,175,424,572,711,628,689,783,395
2020-12-12,164,165,298,285,267,389,453,552,253,394,565,496,340,404,428,879,355,165,412,553,690,615,675,755,377
2020-12-11,160,159,296,273,259,383,440,536,243,383,559,483,332,391,414,798,347,157,398,531,678,600,651,744,365
2020-12-10,158,155,288,264,253,374,424,529,240,379,554,472,325,383,398,769,338,154,386,512,663,589,636,736,353
2020-12-09,155,150,282,258,245,363,414,523,232,374,542,460,316,371,392,757,332,149,368,501,650,580,615,724,344
2020-12-08,152,143,277,257,239,351,395,518,227,366,535,445,306,362,378,733,320,148,362,488,631,571,599,714,332
2020-12-07,148,137,270,251,232,348,374,513,223,363,527,434,302,351,368,712,309,145,358,476,613,560,589,712,321
2020-12-06,144,132,262,251,220,341,360,509,215,357,518,421,294,343,359,701,303,141,353,459,599,546,576,696,316
2020-12-05,140,128,255,244,210,333,351,500,212,343,511,416,291,340,348,685,297,138,337,427,591,535,565,684,306
2020-12-04,135,119,247,237,205,329,343,489,209,340,504,394,288,325,339,662,293,133,331,419,582,521,553,673,298
2020-12-03,131,111,243,230,199,321,323,481,204,332,497,380,278,302,331,637,282,125,320,416,566,504,542,647,295
2020-12-02,128,111,235,222,191,312,302,468,202,329,489,370,269,297,322,619,280,125,311,402,556,491,529,624,287
2020-12-01,126,108,227,220,184,303,294,465,200,319,478,362,260,291,313,612,277,125,303,390,549,473,513,610,278
2020-11-30,126,107,224,218,179,302,291,458,196,312,471,359,257,285,303,597,272,123,289,386,542,462,501,603,273
2020-11-29,125,105,220,217,177,299,286,454,188,308,458,351,250,280,292,582,269,117,284,383,535,451,489,598,271
2020-11-28,124,102,218,215,172,294,278,447,186,303,445,347,242,273,282,568,262,115,280,374,532,443,483,592,266
2020-11-27,120,102,211,214,171,289,267,444,185,300,439,342,230,266,265,542,257,112,275,370,522,430,475,582,263
2020-11-26,118,100,205,208,170,284,256,440,184,297,428,340,229,265,251,486,250,108,270,361,514,418,470,572,261
2020-11-25,117,100,201,201,168,280,249,433,179,292,412,336,227,260,239,427,245,107,267,356,513,410,461,556,256
2020-11-24,116,93,194,199,164,279,244,427,175,290,407,332,220,250,233,418,245,106,264,349,509,390,447,550,252
2020-11-23,115,90,184,195,161,275,238,425,175,285,400,331,218,243,231,411,241,105,260,345,506,364,431,545,247
2020-11-22,112,90,182,194,159,275,233,422,174,284,398,322,212,229,228,407,237,105,257,337,504,349,427,536,243
2020-11-21,109,90,181,190,159,267,230,417,172,284,394,315,204,223,222,405,236,105,255,328,501,336,418,521,237
2020-11-20,107,89,177,187,156,260,229,413,171,280,390,311,192,217,216,400,231,104,246,309,497,320,406,512,233
2020-11-19,104,84,171,185,154,248,226,405,168,272,383,308,188,214,213,393,229,104,241,303,496,302,402,501,231
2020-11-18,103,83,170,180,153,246,226,398,167,261,374,304,183,210,212,390,228,103,234,296,495,293,396,493,225
2020-11-17,102,81,169,174,151,242,224,391,166,255,371,301,183,208,210,378,225,103,231,289,495,285,392,487,224
2020-11-16,100,80,169,171,150,238,223,386,165,248,367,299,178,202,206,374,219,102,229,287,494,275,392,477,221
2020-11-15,100,80,169,168,150,237,220,380,163,244,363,296,177,201,203,365,216,102,227,284,493,272,390,465,221
2020-11-14,98,77,168,167,150,235,217,374,163,243,352,294,171,199,202,356,212,102,227,282,493,268,388,453,216
2020-11-13,98,73,165,167,149,218,216,370,161,243,347,291,169,198,202,347,211,102,226,278,491,266,386,451,216
2020-11-12,98,72,164,165,148,207,212,368,161,240,341,287,168,195,201,340,210,100,225,277,489,262,383,447,215
2020-11-11,98,68,160,163,148,200,212,365,161,236,338,287,166,193,201,338,210,99,224,277,488,261,378,443,214
2020-11-10,98,67,158,163,147,199,211,364,161,236,337,286,165,191,200,333,210,99,224,277,488,257,377,439,213
2020-11-09,98,67,158,163,146,197,210,364,161,233,337,284,165,191,200,326,210,99,224,276,486,251,375,437,211
2020-11-08,98,67,151,158,146,195,210,364,161,232,337,282,162,190,198,322,210,99,223,273,486,246,374,433,210
2020-11-07,98,67,150,150,146,190,210,361,159,232,337,281,153,190,198,318,210,98,217,271,486,245,371,431,207
2020-11-06,98,65,150,144,144,188,210,358,159,231,337,279,150,189,198,315,210,98,217,270,483,242,368,431,207
2020-11-05,98,65,149,144,144,184,210,355,159,230,336,275,149,189,195,314,210,98,214,270,478,242,365,423,207
2020-11-04,98,65,148,143,141,182,209,354,159,230,336,272,144,189,194,312,210,98,212,267,477,238,363,414,206
2020-11-03,97,65,147,139,141,178,209,353,159,230,335,270,137,189,194,310,209,98,210,266,476,237,361,408,205
2020-11-02,95,65,146,138,141,178,209,353,159,230,335,270,137,189,193,310,205,98,208,264,475,236,359,405,205
2020-11-01,95,65,144,138,141,176,209,351,159,228,334,270,137,188,193,307,205,98,208,264,475,234,357,400,204
2020-10-31,95,65,143,137,140,176,209,351,159,228,333,267,137,187,193,306,203,98,207,262,473,229,343,391,204
2020-10-30,95,64,143,135,139,173,208,348,159,228,332,265,137,186,190,304,201,98,205,262,469,227,335,390,203
2020-10-29,95,64,143,133,137,173,208,348,156,225,331,265,137,183,188,301,201,98,205,260,466,223,324,382,202
2020-10-28,95,63,142,133,137,173,207,348,156,224,327,264,137,183,187,300,201,97,205,260,463,220,317,377,202
2020-10-27,94,63,142,131,136,173,206,347,156,223,327,263,137,183,187,300,201,97,205,260,459,218,309,373,201
2020-10-26,94,63,142,130,136,172,204,347,156,223,326,262,137,183,187,300,201,96,205,260,456,217,305,369,200
2020-10-25,94,63,142,130,136,172,203,347,156,223,325,261,137,183,187,299,200,96,204,259,456,215,304,366,200
2020-10-24,94,63,142,130,136,170,203,346,156,223,323,261,136,181,185,297,199,96,203,258,454,213,302,364,200
2020-10-23,94,63,140,130,136,170,202,345,156,223,323,261,136,180,185,296,196,96,199,256,454,212,299,363,200
2020-10-22,94,63,140,129,136,170,201,345,156,223,323,261,135,180,185,296,194,96,197,254,452,209,297,360,199
2020-10-21,94,63,140,129,136,170,201,345,156,222,323,260,135,180,184,296,193,96,197,254,445,209,293,360,198
2020-10-20,94,63,140,128,136,170,201,345,156,221,323,260,135,180,184,295,193,96,197,254,442,208,290,358,197
2020-10-19,94,63,139,128,136,170,199,344,156,221,323,260,135,180,183,295,193,96,197,253,442,207,288,358,197
2020-10-18,94,63,136,128,135,170,199,343,156,221,323,259,135,179,183,295,193,96,197,252,441,206,286,358,197
2020-10-17,94,63,136,128,135,170,199,343,156,221,322,259,133,178,181,295,193,95,197,252,435,206,284,355,196
2020-10-16,92,63,136,128,135,170,198,340,155,221,322,258,133,177,181,294,192,95,197,252,433,206,284,353,194
2020-10-15,92,63,135,128,135,169,197,338,155,220,321,257,133,177,181,294,191,95,197,251,431,204,284,350,192
2020-10-14,92,60,134,127,135,169,197,338,155,220,321,254,132,177,181,294,191,95,197,250,425,203,283,350,191
2020-10-13,91,59,134,127,135,166,194,337,155,220,321,253,131,175,180,294,191,95,197,248,421,203,280,349,191
2020-10-12,90,59,133,127,135,166,194,336,155,219,320,253,131,174,180,292,191,95,197,247,418,203,279,349,191
2020-10-11,90,59,129,127,135,164,193,336,155,218,316,253,131,172,180,291,189,95,196,246,413,202,278,347,189
2020-10-10,89,58,128,127,135,164,193,336,152,217,314,253,131,169,180,288,189,95,195,246,413,202,278,344,188
2020-10-09,89,58,127,127,134,164,192,335,151,212,313,253,131,168,180,288,189,95,193,245,413,202,278,341,188
2020-10-08,89,58,127,124,133,163,192,335,151,212,312,253,131,168,180,288,189,95,192,244,409,200,275,341,188
2020-10-07,89,58,126,123,133,163,192,335,151,212,310,252,131,168,180,288,189,95,192,244,407,199,275,340,187
2020-10-06,89,58,125,122,132,157,191,335,149,208,307,252,127,167,180,288,189,95,191,244,402,197,273,339,187
2020-10-05,89,58,124,122,131,156,190,335,148,208,305,252,127,167,180,287,187,94,190,243,400,196,273,339,187
2020-10-04,89,58,124,122,130,154,190,335,145,207,304,252,127,167,180,287,186,94,190,241,396,196,272,339,185
2020-10-03,89,58,123,122,130,154,189,335,145,207,304,252,127,167,180,287,185,94,190,241,393,196,271,339,185
2020-10-02,89,58,123,122,130,153,188,335,144,206,301,251,127,166,180,287,184,94,190,239,392,195,271,339,185
2020-10-01,88,58,123,120,130,152,188,334,144,206,301,251,127,162,180,285,183,93,190,236,389,195,270,339,185
2020-09-30,88,58,122,116,129,149,187,334,144,206,301,251,126,161,180,285,181,91,189,234,383,195,269,337,184
2020-09-29,88,58,122,116,129,149,187,334,144,206,301,251,126,161,180,285,181,91,189,233,380,193,269,337,184
2020-09-28,88,58,120,116,128,144,187,330,143,200,301,250,126,160,180,285,181,91,188,231,378,193,269,337,184
2020-09-27,88,58,120,116,128,144,187,330,143,200,301,249,126,160,180,285,181,91,188,231,377,193,267,336,183
2020-09-26,88,56,116,116,127,143,186,328,143,192,300,248,125,160,180,283,179,91,185,227,371,193,267,334,181
2020-09-25,88,55,116,116,127,143,186,328,143,192,300,248,125,160,180,282,179,91,184,227,368,191,264,334,181
2020-09-24,86,55,115,116,126,141,185,324,143,176,299,245,125,160,179,281,173,90,180,223,361,186,263,332,180
2020-09-23,86,55,113,114,126,141,185,324,142,176,299,244,125,160,179,275,173,90,179,223,358,185,261,330,180
2020-09-22,84,55,113,114,126,141,184,321,142,168,298,244,125,160,179,269,170,89,177,220,354,185,260,328,179
2020-09-21,84,55,113,113,124,141,183,321,141,167,297,241,125,155,176,264,169,87,175,216,349,184,260,327,179
2020-09-20,84,55,113,111,124,141,182,321,141,167,295,241,123,154,176,264,167,86,174,213,347,183,258,327,179
2020-09-19,84,54,113,111,123,141,181,321,141,167,295,241,123,154,174,264,167,85,174,212,345,182,254,324,179
2020-09-18,84,54,113,109,123,141,180,319,141,167,294,239,123,154,172,262,165,84,173,212,341,179,249,322,179
2020-09-17,84,54,113,109,123,141,179,318,141,165,290,238,121,151,169,259,165,84,172,211,337,177,246,317,179
2020-09-16,84,54,113,108,120,137,176,317,137,163,288,234,118,150,165,255,161,84,167,205,331,175,238,312,177
2020-09-15,83,54,111,108,120,135,175,315,137,163,282,233,115,149,162,252,160,84,165,201,329,172,237,306,177
2020-09-14,82,54,111,107,120,134,175,314,134,162,279,232,114,148,162,251,159,84,164,200,327,170,230,303,176
2020-09-13,82,54,111,107,120,134,174,312,133,160,275,230,114,146,162,249,158,83,162,200,323,168,226,297,175
2020-09-12,81,54,111,106,120,134,173,309,131,157,275,229,113,146,162,249,158,82,159,199,320,168,223,293,174
2020-09-11,79,54,110,106,120,134,173,309,131,156,272,226,113,146,161,248,157,82,159,199,309,166,218,288,173
2020-09-10,76,53,109,104,118,131,172,308,128,155,270,222,109,146,160,242,156,81,157,197,303,163,217,284,172
2020-09-09,69,53,108,104,118,131,172,308,127,152,267,218,108,146,160,241,156,80,157,194,300,162,216,282,170
2020-09-08,69,53,108,103,114,128,172,306,126,151,266,213,106,145,159,239,155,79,157,191,293,161,214,280,168
2020-09-07,67,53,107,101,112,127,168,301,124,147,263,209,103,142,158,234,152,78,150,187,288,157,212,274,167
2020-09-06,67,53,107,101,112,126,168,299,123,146,258,203,102,142,156,233,152,76,148,182,281,157,211,272,165
2020-09-05,67,53,107,100,110,126,163,295,121,145,255,201,100,140,153,230,152,75,145,181,277,156,208,266,160
2020-09-04,67,52,105,95,106,125,160,294,121,143,253,197,97,136,153,229,152,74,144,181,275,154,203,263,157
2020-09-03,67,52,105,93,102,124,155,292,121,141,250,196,96,135,152,229,152,74,144,181,270,149,199,263,154
2020-09-02,67,50,103,92,100,123,153,290,119,140,245,193,96,133,151,225,151,74,140,179,260,147,195,261,147
2020-09-01,65,50,102,90,96,118,147,286,113,137,241,186,93,132,149,220,151,73,137,179,254,143,186,260,143
2020-08-31,63,50,100,88,96,117,141,280,106,132,230,183,92,129,143,213,151,72,137,175,244,138,174,257,141
2020-08-30,63,49,100,87,94,115,139,276,102,125,223,180,91,128,142,209,150,70,137,162,239,138,172,256,139
2020-08-29,59,47,100,85,88,109,132,269,99,123,205,171,86,125,133,203,144,68,124,147,231,135,168,244,138
2020-08-28,59,44,99,85,83,107,128,263,95,117,198,170,81,123,130,199,142,65,119,135,221,129,164,230,136
2020-08-27,56,42,95,85,79,105,124,256,88,113,181,161,79,111,127,195,135,64,112,127,207,126,160,214,129
2020-08-26,54,41,92,85,78,105,120,248,88,111,163,157,75,109,125,185,127,61,112,121,200,124,158,206,127
2020-08-25,50,40,90,80,71,101,115,243,83,110,157,148,69,101,117,173,124,54,98,118,191,119,151,200,122
2020-08-24,49,40,87,78,65,98,102,233,81,104,140,142,65,99,111,171,122,52,94,117,183,114,146,192,112
2020-08-23,47,37,82,76,64,94,94,225,79,104,137,136,63,96,102,165,118,49,91,116,180,113,141,187,108
2020-08-22,46,36,78,75,62,90,89,210,75,101,123,125,62,92,98,158,116,48,85,107,175,106,134,182,96
2020-08-21,44,34,76,72,55,84,87,202,69,100,119,117,56,84,92,151,108,46,84,103,171,102,129,170,93
2020-08-20,41,30,74,68,52,78,80,193,67,94,113,107,56,82,90,137,103,44,83,101,168,96,124,158,89
2020-08-19,37,30,74,68,50,73,77,175,58,92,104,96,52,80,88,133,101,44,81,96,165,93,119,144,74
2020-08-18,33,29,70,66,47,67,68,155,50,88,95,90,49,72,84,131,95,43,78,92,159,87,113,133,66
2020-08-17,33,28,70,66,43,61,59,133,42,85,85,85,48,69,81,129,93,42,77,81,157,86,111,123,61
2020-08-16,31,27,67,65,40,58,54,115,39,82,70,83,48,65,80,123,93,42,77,80,157,86,110,115,56
2020-08-15,31,27,63,64,33,52,46,76,30,73,56,78,47,65,78,116,93,39,76,79,151,84,107,108,54
2020-08-14,31,26,62,63,33,49,45,61,30,72,52,77,44,59,77,114,93,39,74,77,149,76,102,102,49
2020-08-13,31,25,62,63,26,47,44,53,29,71,52,75,43,59,76,112,93,39,74,75,148,72,102,102,49
2020-08-12,30,23,61,62,24,47,44,51,29,71,51,71,43,59,74,109,93,39,74,75,147,70,102,102,49
2020-08-11,30,23,61,61,24,47,44,51,28,70,51,68,43,59,74,109,93,39,73,73,146,69,101,102,49
2020-08-10,30,23,61,61,24,47,44,51,28,70,51,68,43,59,72,109,93,39,72,72,146,68,101,102,49
2020-08-09,30,22,60,61,23,46,44,51,28,70,50,67,42,58,72,109,91,39,72,72,145,68,101,101,49
2020-08-08,29,22,60,61,22,46,44,48,28,69,50,66,41,57,72,109,91,39,72,72,145,68,101,101,49
2020-08-07,29,22,59,60,22,46,44,46,28,68,50,66,41,56,72,108,91,39,71,71,145,66,98,101,49
2020-08-06,29,22,57,59,22,46,44,45,28,66,50,66,41,54,72,108,91,39,71,70,145,66,98,101,49
2020-08-05,29,22,55,57,22,45,44,45,28,66,50,66,41,54,72,108,91,39,71,70,145,64,98,101,49
2020-08-04,29,22,55,57,22,45,44,44,28,65,50,64,41,54,72,108,91,39,70,70,145,64,98,100,49
2020-08-03,29,20,55,57,22,45,44,43,28,64,50,64,41,53,72,106,91,39,70,70,144,64,98,99,49
2020-08-02,29,20,54,57,22,44,44,42,28,64,50,64,41,53,72,105,91,39,70,70,144,64,98,99,49
2020-08-01,28,20,54,57,22,44,44,42,28,64,50,64,41,53,71,103,91,39,70,70,144,64,98,99,49
2020-07-31,28,20,54,57,22,44,44,42,28,64,50,64,41,52,71,103,91,39,70,70,144,63,98,99,49
2020-07-30,28,20,54,57,22,44,44,42,28,64,50,63,41,52,71,102,91,39,70,70,142,61,97,98,48
2020-07-29,28,20,54,57,22,44,44,41,28,64,50,63,41,52,71,102,90,39,70,70,141,61,97,98,48
2020-07-28,28,19,54,57,22,44,44,40,26,64,50,63,41,51,71,102,90,39,69,70,140,61,97,97,48
2020-07-27,28,19,54,57,22,44,44,40,25,64,50,63,41,50,71,102,90,39,69,70,139,61,97,96,48
2020-07-26,27,18,53,57,22,44,44,40,25,64,50,63,41,49,71,101,90,39,69,70,138,61,96,95,47
2020-07-25,27,18,53,57,22,43,44,40,25,64,50,63,41,48,70,101,90,39,69,70,138,60,96,93,47
2020-07-24,27,18,53,57,22,43,44,40,25,64,50,61,41,48,70,97,90,38,69,69,138,60,96,90,47
2020-07-23,27,18,53,56,22,43,44,40,25,63,50,61,41,48,70,95,89,38,68,68,137,60,96,79,47
2020-07-22,27,18,53,56,22,42,44,40,25,63,50,61,41,48,70,95,89,38,68,66,137,60,93,74,47
2020-07-21,26,17,53,55,21,41,44,40,25,63,50,58,41,48,70,92,89,38,68,65,137,60,93,69,47
2020-07-20,25,16,53,53,20,41,44,39,25,63,50,57,40,48,70,82,89,37,68,65,137,60,93,68,46
2020-07-19,25,16,53,53,20,41,44,38,25,63,50,57,39,48,70,81,89,37,68,65,137,60,93,68,46
2020-07-18,25,16,53,52,20,41,44,38,25,63,50,56,39,48,70,81,89,35,68,65,135,60,92,65,46
2020-07-17,25,16,53,51,20,41,44,38,25,63,50,55,39,47,70,81,89,35,68,65,135,60,91,63,46
2020-07-16,25,15,52,51,19,41,44,38,25,62,50,55,38,47,70,81,89,35,68,65,134,60,91,60,46
2020-07-15,25,14,52,51,19,41,44,38,24,62,50,55,38,47,70,81,88,35,68,65,133,60,91,58,45
2020-07-14,24,14,52,51,19,41,44,38,24,62,50,55,38,47,70,81,88,34,68,63,133,60,91,57,44
2020-07-13,23,14,52,51,19,41,44,38,24,62,50,54,38,47,70,81,88,33,68,62,133,60,89,56,44
2020-07-12,23,14,52,51,19,40,44,37,24,62,49,54,38,45,70,81,88,33,68,61,131,59,89,56,41
2020-07-11,23,14,52,50,19,40,43,37,24,62,49,54,38,45,70,81,88,33,67,60,131,59,88,56,39
2020-07-10,23,14,51,50,19,39,43,36,24,62,49,54,38,45,70,80,88,33,66,60,131,59,87,56,39
2020-07-09,23,14,51,50,19,39,43,34,24,62,49,54,38,45,70,79,88,33,66,59,131,59,85,56,38
2020-07-08,23,13,51,50,18,39,42,34,24,62,48,54,37,45,70,79,87,33,66,58,131,59,85,56,38
2020-07-07,23,13,51,50,17,39,41,34,24,62,46,54,36,41,70,79,87,33,66,57,130,59,85,56,38
2020-07-06,23,13,51,50,17,39,40,34,24,62,46,54,36,41,70,78,87,33,66,57,130,59,85,56,38
2020-07-05,23,13,51,50,17,39,40,34,24,62,46,54,35,41,70,78,87,33,65,57,129,59,85,56,38
2020-07-04,23,12,51,50,17,39,35,34,24,62,45,54,35,40,70,78,87,33,64,55,127,58,84,55,38
2020-07-03,22,12,50,50,17,39,34,34,24,62,45,54,35,40,70,78,86,33,63,55,125,58,84,55,38
2020-07-02,22,12,50,49,17,39,34,33,24,62,44,54,35,39,70,78,86,32,63,54,124,57,83,55,37
2020-07-01,22,12,50,49,17,38,33,33,24,62,44,53,35,39,70,78,86,32,63,53,117,57,83,55,35
2020-06-30,22,12,50,49,17,38,33,33,24,62,44,53,35,38,70,78,86,31,61,53,113,56,83,55,35
2020-06-29,22,12,50,49,17,38,33,33,24,62,43,52,35,35,70,78,86,30,61,53,113,56,83,55,35
2020-06-28,22,12,49,49,17,38,33,33,24,62,42,52,35,35,70,78,85,30,61,53,112,55,83,54,35
2020-06-27,22,12,48,49,17,37,33,33,24,62,42,52,35,34,69,78,84,30,59,53,107,55,82,53,35
2020-06-26,22,11,48,49,16,36,32,33,24,62,41,51,35,34,69,78,83,30,59,51,100,54,82,53,35
2020-06-25,22,11,48,49,16,36,31,33,24,62,40,51,35,34,69,77,82,30,59,50,89,54,82,53,35
2020-06-24,21,11,48,49,16,36,31,33,24,61,39,51,35,34,69,77,81,29,59,50,87,54,81,53,35
2020-06-23,21,11,48,49,16,36,30,33,24,58,39,51,35,34,69,77,80,29,58,50,83,54,81,53,35
2020-06-22,21,11,48,49,16,36,30,33,24,58,39,51,35,34,69,76,80,29,58,50,83,54,80,53,33
2020-06-21,21,11,48,49,16,36,30,32,24,57,39,51,35,34,69,75,76,29,58,50,83,54,80,52,33
2020-06-20,21,11,48,47,16,36,30,32,24,55,37,51,35,34,69,74,76,29,55,49,82,53,80,52,33
2020-06-19,21,11,48,47,16,35,29,32,24,53,37,50,34,33,67,73,76,29,53,48,82,52,80,52,33
2020-06-18,21,10,48,47,15,35,28,31,23,51,37,49,33,32,65,71,76,29,52,48,81,51,80,52,33
2020-06-17,21,10,48,47,15,35,28,31,23,40,37,47,33,32,65,69,75,29,49,48,79,50,79,52,33
2020-06-16,21,10,48,47,15,35,27,31,23,38,37,46,33,31,65,69,75,29,49,46,77,49,78,51,33
2020-06-15,21,10,46,47,15,35,27,31,23,37,37,43,32,31,65,69,71,29,49,45,77,49,78,51,33
2020-06-14,21,10,45,47,15,35,27,31,23,36,37,42,31,31,65,69,70,28,49,45,77,48,78,51,33
2020-06-13,20,10,45,47,15,35,26,31,22,36,37,41,31,31,65,67,70,27,47,45,75,47,78,51,33
2020-06-12,19,10,44,47,15,35,23,30,20,24,36,41,31,31,63,65,69,26,46,45,74,47,78,51,32
2020-06-11,19,10,44,47,15,35,21,30,20,23,35,40,31,31,62,62,68,23,41,45,69,46,78,51,31
2020-06-10,19,10,44,47,14,35,21,29,20,22,34,39,31,31,59,62,66,19,41,44,68,45,78,50,31
2020-06-09,19,9,44,46,14,35,21,29,20,22,34,39,31,30,57,62,65,18,40,42,66,45,78,50,31
2020-06-08,19,9,44,46,14,35,20,29,20,22,34,39,31,30,56,59,56,18,40,41,65,44,78,50,31
2020-06-07,19,9,44,45,14,35,20,29,19,22,34,39,30,30,52,57,53,18,40,41,65,44,78,50,30
2020-06-06,19,9,42,42,14,35,20,29,18,22,34,37,30,29,43,55,50,18,39,40,64,44,78,50,30
2020-06-05,19,9,40,41,14,34,19,29,17,21,32,35,30,29,39,54,46,18,38,40,61,44,78,49,28
2020-06-04,19,9,39,41,14,34,19,29,17,20,31,35,30,28,36,52,44,18,38,40,61,44,78,49,26
2020-06-03,19,9,38,41,14,34,19,29,16,19,31,35,30,27,35,50,43,16,37,40,60,44,76,49,26
2020-06-02,19,9,38,40,14,34,19,29,14,19,31,35,28,27,30,47,41,15,37,40,60,44,75,49,25
2020-06-01,19,9,38,40,14,34,19,29,14,19,31,35,27,27,28,45,41,15,34,40,59,42,75,48,24
2020-05-31,19,9,38,40,14,34,19,29,14,19,31,35,27,27,27,45,41,15,34,40,59,42,74,48,24
2020-05-30,19,9,38,40,14,34,19,29,14,19,31,35,26,27,27,43,41,15,31,40,59,42,74,48,24
2020-05-29,18,9,38,39,14,34,19,28,14,18,31,34,25,27,27,43,41,15,31,40,59,42,72,47,24
2020-05-28,18,8,38,37,14,34,19,28,13,18,31,34,23,25,27,39,41,14,29,39,59,42,72,46,24
2020-05-27,18,8,38,34,13,34,19,28,12,18,31,32,22,24,26,36,38,14,28,38,58,42,72,45,23
2020-05-26,18,8,38,26,13,34,19,28,12,17,30,30,22,24,26,33,37,13,28,38,56,42,72,45,23
2020-05-25,18,8,38,23,13,34,19,28,12,16,29,30,22,24,26,32,36,13,28,38,56,42,72,45,22
2020-05-24,18,8,38,22,13,34,18,28,10,16,29,30,22,24,26,32,36,13,26,38,55,42,72,45,22
2020-05-23,18,8,38,22,13,34,17,28,9,16,28,30,22,24,26,32,36,13,26,38,54,42,72,45,21
2020-05-22,18,8,38,22,13,34,17,28,9,16,28,30,22,24,26,32,36,13,26,38,54,41,72,45,20
2020-05-21,18,8,38,22,12,34,17,28,9,16,27,30,22,24,26,32,36,13,26,38,53,41,72,45,20
2020-05-20,18,8,38,22,12,34,17,28,9,15,27,30,22,24,25,32,36,13,26,37,53,41,72,45,20
2020-05-19,18,8,34,22,12,34,17,28,8,14,27,30,22,24,25,32,36,13,26,37,53,40,71,45,19
2020-05-18,18,8,34,22,12,34,17,27,8,14,27,30,22,24,23,31,35,13,25,37,53,40,71,44,19
2020-05-17,17,8,34,22,12,34,17,27,8,14,27,30,22,24,23,31,35,13,25,37,53,40,71,44,19
2020-05-16,17,8,34,22,12,34,17,27,8,14,25,30,22,24,23,31,35,13,25,37,53,40,71,42,19
2020-05-15,17,8,33,22,12,34,17,27,8,14,25,28,21,24,23,31,35,13,25,37,52,40,70,42,19
2020-05-14,17,8,31,22,11,33,17,27,8,12,25,28,21,24,23,31,35,12,24,37,52,40,69,41,17
2020-05-13,17,8,31,22,11,33,17,27,7,12,24,28,21,24,23,30,35,12,24,37,52,40,69,40,16
2020-05-12,17,8,31,21,11,32,17,27,7,11,23,28,21,24,23,30,35,12,23,36,51,40,69,39,16
2020-05-11,17,8,30,21,11,32,17,27,6,10,23,28,20,24,22,28,35,12,23,35,50,39,69,39,16
2020-05-10,17,7,27,20,10,31,17,26,5,10,23,28,20,24,21,28,35,12,23,33,47,39,65,38,15
2020-05-09,17,7,23,20,8,31,16,24,5,9,23,28,19,24,21,26,35,12,23,32,46,38,64,37,15
2020-05-08,16,6,19,20,8,31,16,24,5,9,23,28,19,24,21,26,35,12,23,31,43,38,64,37,14
2020-05-07,16,6,19,20,8,31,16,24,5,9,23,28,19,24,21,26,35,12,23,31,43,38,64,37,14
2020-05-06,16,6,19,20,8,31,16,24,5,9,23,28,19,24,21,26,35,12,23,31,43,38,64,37,14
2020-05-05,16,6,19,20,8,31,16,24,5,9,23,28,19,24,21,26,35,12,23,31,43,38,64,37,14
2020-05-04,16,6,19,20,8,31,16,24,5,9,23,28,19,24,21,26,35,12,23,31,43,38,64,37,14
2020-05-03,16,6,19,20,8,31,16,24,5,9,23,28,19,24,21,26,35,12,23,31,43,38,64,37,14
2020-05-02,16,6,18,20,8,31,16,24,5,9,23,28,19,24,21,26,35,12,23,31,43,38,64,37,13
2020-05-01,16,6,18,19,8,31,16,24,5,9,23,28,19,24,21,26,35,12,23,31,43,38,64,37,13
2020-04-30,16,6,18,19,8,31,16,24,5,9,23,28,18,24,21,26,35,12,23,31,43,38,64,37,13
2020-04-29,16,6,18,19,8,31,16,24,5,9,23,28,18,24,21,26,35,12,23,31,43,38,64,37,13
2020-04-28,16,6,18,19,8,31,16,24,5,9,23,28,18,24,21,26,35,12,23,31,43,38,64,37,13
2020-04-27,16,6,18,19,8,31,16,23,5,9,23,28,18,24,21,26,35,12,23,31,42,38,62,37,13
2020-04-26,16,6,18,19,8,31,16,23,5,9,23,28,18,24,21,26,35,12,23,31,42,38,62,37,13
2020-04-25,16,6,18,19,8,31,16,23,5,9,23,28,18,24,21,26,35,12,23,31,42,38,62,37,13
2020-04-24,16,6,18,19,8,31,16,23,5,9,23,28,18,24,21,26,35,12,23,31,42,38,62,37,13
2020-04-23,16,6,18,19,8,31,16,23,5,9,23,28,18,24,21,26,35,12,23,31,42,38,62,37,13
2020-04-22,16,6,18,19,8,31,16,23,5,9,23,28,18,24,21,26,35,12,23,31,42,38,62,37,13
2020-04-21,16,6,18,19,8,31,16,23,5,9,23,28,18,23,21,26,35,12,23,31,42,38,62,37,13
2020-04-20,16,6,18,19,8,31,16,23,5,9,23,28,18,23,21,26,35,12,23,31,42,38,62,37,13
2020-04-19,16,6,18,19,8,31,16,23,5,9,23,28,18,23,21,25,35,12,23,31,42,38,62,37,13
2020-04-18,16,6,18,19,8,31,16,23,5,9,23,28,18,23,21,25,35,12,23,31,42,38,61,37,13
2020-04-17,16,6,18,19,8,31,16,22,5,9,23,28,18,23,21,25,35,12,23,31,42,38,60,37,13
2020-04-16,16,6,17,19,8,31,16,22,5,9,23,28,18,23,21,25,35,12,23,31,42,38,59,37,13
2020-04-15,16,6,17,19,8,31,16,22,5,9,23,28,17,23,21,25,35,12,23,31,42,38,59,37,13
2020-04-14,16,5,17,18,8,31,16,22,5,9,23,28,17,23,21,25,35,12,23,30,42,36,59,37,13
2020-04-13,16,5,17,16,8,31,16,21,5,9,23,28,17,23,21,25,35,12,23,30,42,36,59,37,13
2020-04-12,16,5,17,12,8,31,16,21,5,8,23,27,17,23,21,25,35,12,23,29,42,36,59,36,13
2020-04-11,16,5,17,12,8,31,16,21,5,8,23,26,17,23,21,25,35,12,23,29,41,36,59,36,13
2020-04-10,16,5,17,12,8,31,16,21,5,8,23,26,17,23,20,25,35,12,23,29,41,36,57,36,13
2020-04-09,16,5,17,10,7,31,16,20,5,8,23,26,17,23,20,25,35,12,23,29,41,36,56,36,13
2020-04-08,16,5,17,9,7,31,16,20,5,7,23,26,17,20,20,25,35,12,22,28,41,34,54,36,13
2020-04-07,16,5,17,8,7,30,16,18,5,7,23,26,17,20,20,24,35,12,21,28,41,31,53,36,13
2020-04-06,16,5,17,7,7,30,15,18,5,7,22,26,17,20,20,24,35,12,21,28,40,31,50,36,13
2020-04-05,16,5,15,7,7,30,15,16,5,7,22,26,17,20,20,23,35,12,21,28,39,31,50,35,12
2020-04-04,16,5,14,7,7,28,14,15,5,7,22,24,15,19,20,22,35,12,20,28,37,31,48,32,12
2020-04-03,16,5,14,7,7,27,14,15,5,6,21,23,14,19,20,22,35,12,20,25,37,29,43,28,11
2020-04-02,15,5,12,6,7,27,13,15,5,6,20,21,14,18,19,22,34,12,20,25,34,27,41,28,10
2020-04-01,15,5,12,6,6,26,13,15,5,6,20,21,13,17,18,22,34,12,19,24,34,25,41,27,10
2020-03-31,13,4,12,6,5,26,13,15,5,6,20,21,13,15,17,22,33,12,18,23,28,24,38,25,10
2020-03-30,13,3,8,6,5,26,13,15,5,6,20,21,13,15,17,22,31,12,18,21,24,22,38,24,9
2020-03-29,13,3,8,6,4,26,13,15,5,5,20,21,12,14,17,22,30,8,18,19,21,21,34,23,9
2020-03-28,13,2,8,6,4,26,13,15,5,5,20,21,12,14,16,22,26,8,18,16,20,17,29,22,9
2020-03-27,13,1,8,6,4,26,11,14,5,4,20,21,12,13,16,22,25,7,17,16,19,17,27,21,9
2020-03-26,13,1,7,6,4,26,10,13,5,4,20,21,12,13,16,22,23,6,17,16,19,16,23,19,8
2020-03-25,13,1,7,6,4,26,10,13,5,4,20,21,12,13,16,21,23,5,17,14,19,13,19,19,8
2020-03-24,12,1,6,6,4,25,8,13,5,3,20,20,12,13,16,19,23,5,17,13,19,12,18,19,8
2020-03-23,11,1,5,6,4,25,8,13,5,3,20,20,12,13,16,19,23,5,16,13,19,12,17,18,7
2020-03-22,11,1,5,6,4,25,8,12,5,2,20,19,10,13,16,18,23,5,16,13,19,12,17,18,7
2020-03-21,11,1,5,5,4,25,6,12,5,2,20,19,8,13,16,17,23,5,15,13,19,11,17,18,7
2020-03-20,11,1,5,4,3,25,5,11,5,2,18,18,8,13,16,16,22,5,14,11,18,9,17,18,5
2020-03-19,11,1,4,3,3,25,5,11,5,2,16,18,8,10,15,15,22,5,12,9,17,9,16,16,5
2020-03-18,11,1,3,3,2,25,5,9,5,2,15,18,8,9,14,15,22,5,12,7,17,9,14,16,5
2020-03-17,11,1,3,3,2,24,5,9,5,2,15,18,8,8,14,15,22,5,11,6,17,9,14,15,5
2020-03-16,11,1,2,3,2,22,5,9,5,2,15,17,6,8,14,14,20,5,11,6,15,9,14,15,5
2020-03-15,11,1,2,3,2,22,5,9,5,2,14,16,6,8,14,13,18,5,10,6,15,9,14,15,5
2020-03-14,11,1,2,3,2,22,4,9,5,1,14,16,6,7,14,13,16,5,8,6,15,9,13,15,5
2020-03-13,11,1,2,3,2,19,4,9,5,1,13,16,6,6,14,13,16,5,8,5,14,7,13,15,5
2020-03-12,11,1,1,3,2,18,3,8,4,1,12,16,6,6,14,13,16,3,8,5,13,6,12,14,5
2020-03-11,11,1,1,3,2,15,2,6,4,1,12,14,4,5,14,10,14,3,8,5,13,6,12,13,5
2020-03-10,11,1,1,3,2,11,2,6,4,1,10,12,4,1,7,6,9,2,3,2,5,6,12,12,5
2020-03-09,11,0,1,3,2,11,2,6,4,1,9,8,4,1,5,3,1,1,3,1,5,6,12,12,4
2020-03-08,11,0,1,3,2,4,2,6,4,1,8,8,4,1,5,3,1,1,3,1,5,6,11,12,4
2020-03-07,11,0,1,3,2,4,2,6,4,1,8,7,4,1,3,3,1,1,3,1,4,5,10,12,4
2020-03-06,11,0,1,3,2,4,2,5,2,1,8,7,4,1,2,2,1,1,3,1,4,5,10,12,4
2020-03-05,11,0,1,3,2,4,2,5,2,1,8,7,4,1,2,2,1,1,3,1,4,5,9,12,4
2020-03-04,11,0,0,3,2,1,1,5,0,1,8,7,4,1,2,2,1,1,3,1,4,5,9,12,4
2020-03-03,11,0,0,3,2,1,1,5,0,1,8,7,4,1,2,2,1,1,3,1,4,5,9,12,4
2020-03-02,11,0,0,3,2,1,1,3,0,0,8,7,4,1,2,2,1,1,2,1,4,4,8,12,4
2020-03-01,11,0,0,3,1,1,1,2,0,0,8,7,4,1,1,2,1,1,1,1,4,4,7,12,4
2020-02-29,11,0,0,3,1,1,1,2,0,0,7,7,4,1,1,2,1,1,0,1,3,4,6,12,4
2020-02-28,11,0,0,2,1,1,1,2,0,0,4,7,4,1,1,2,1,1,0,1,2,4,3,9,3
2020-02-27,10,0,0,1,1,1,1,2,0,0,2,7,4,1,1,2,1,1,0,1,2,4,3,9,3
2020-02-26,10,0,0,1,0,0,1,2,0,0,1,7,2,1,1,2,1,1,0,1,2,3,2,9,3
2020-02-25,9,0,0,1,0,0,1,2,0,0,2,3,2,1,0,2,1,1,0,1,1,3,0,9,3
2020-02-24,9,0,0,1,0,0,1,2,0,0,0,1,2,1,0,2,1,0,0,0,0,3,0,5,2
2020-02-23,9,0,0,1,0,0,1,2,0,0,0,0,2,1,0,2,1,0,0,0,0,3,0,2,2
2020-02-22,8,0,0,1,0,0,1,2,0,0,0,0,2,1,0,1,1,0,0,0,0,3,0,2,1
2020-02-21,8,0,0,1,0,0,1,2,0,0,0,0,2,1,0,1,0,0,0,0,0,1,0,1,0
2020-02-20,8,0,0,1,0,0,1,2,0,0,0,0,1,1,0,1,0,0,0,0,0,0,0,1,0
2020-02-19,0,0,0,0,0,0,0,0,0,0,0,0,0,0,0,0,0,0,0,0,0,0,0,0,0
2020-02-18,0,0,0,0,0,0,0,0,0,0,0,0,0,0,0,0,0,0,0,0,0,0,0,0,0
2020-02-17,0,0,0,0,0,0,0,0,0,0,0,0,0,0,0,0,0,0,0,0,0,0,0,0,0
2020-02-16,5,0,0,0,0,0,1,2,0,0,0,0,1,1,0,1,0,0,0,0,0,0,0,1,0
2020-02-15,0,0,0,0,0,0,0,0,0,0,0,0,0,0,0,0,0,0,0,0,0,0,0,0,0
2020-02-14,0,0,0,0,0,0,0,0,0,0,0,0,0,0,0,0,0,0,0,0,0,0,0,0,0
2020-02-13,0,0,0,0,0,0,0,0,0,0,0,0,0,0,0,0,0,0,0,0,0,0,0,0,0
2020-02-12,0,0,0,0,0,0,0,0,0,0,0,0,0,0,0,0,0,0,0,0,0,0,0,0,0
2020-02-11,0,0,0,0,0,0,0,0,0,0,0,0,0,0,0,0,0,0,0,0,0,0,0,0,0
2020-02-10,0,0,0,0,0,0,0,0,0,0,0,0,0,0,0,0,0,0,0,0,0,0,0,0,0
2020-02-09,0,0,0,0,0,0,0,0,0,0,0,0,0,0,0,0,0,0,0,0,0,0,0,0,0
2020-02-08,0,0,0,0,0,0,0,0,0,0,0,0,0,0,0,0,0,0,0,0,0,0,0,0,0
2020-02-07,0,0,0,0,0,0,0,0,0,0,0,0,0,0,0,0,0,0,0,0,0,0,0,0,0
2020-02-06,3,0,0,0,0,0,1,2,0,0,0,0,1,1,0,1,0,0,0,0,0,0,0,1,0
2020-02-05,3,0,0,0,0,0,1,2,0,0,0,0,0,1,0,1,0,0,0,0,0,0,0,1,0
